[
  {
    "id": "d7f21de6-7ca3-40c0-b1e8-43a8f578bf76",
    "data": [
      {
        "text": "who gets my data",
        "userDefined": false
      }
    ],
    "isTemplate": false,
    "count": 0,
    "lang": "en",
    "updated": 0
  },
  {
    "id": "e5d7a01f-7ef3-424c-b800-35533c5b70ba",
    "data": [
      {
        "text": "How do I know my data is secure?",
        "userDefined": false
      }
    ],
    "isTemplate": false,
    "count": 0,
    "lang": "en",
    "updated": 0
  },
  {
    "id": "c5be8bf1-555e-442f-b436-a894bfe01d73",
    "data": [
      {
        "text": "If I use the app, who gets my data?",
        "userDefined": false
      }
    ],
    "isTemplate": false,
    "count": 0,
    "lang": "en",
    "updated": 0
  }
]