[
  {
    "id": "cc5832c5-1752-402e-ae3b-817d9fd5d6ef",
    "data": [
      {
        "text": "what if I have an autoimmune disease",
        "userDefined": false
      }
    ],
    "isTemplate": false,
    "count": 0,
    "lang": "en",
    "updated": 0
  },
  {
    "id": "3a54a129-994e-4809-9f3b-ce0e8e90dddd",
    "data": [
      {
        "text": "Are people with autoimmune diseases at greater risk of COVID?",
        "userDefined": false
      }
    ],
    "isTemplate": false,
    "count": 0,
    "lang": "en",
    "updated": 0
  },
  {
    "id": "0a9ae835-b549-4fa1-bbe3-e8c9ecb3736f",
    "data": [
      {
        "text": "If I have an auttoimmune condition, am I at greater risk?",
        "userDefined": false
      }
    ],
    "isTemplate": false,
    "count": 0,
    "lang": "en",
    "updated": 0
  },
  {
    "id": "72118f0d-0840-4164-8222-adeb1561dfcd",
    "data": [
      {
        "text": "I have an autoimmune disease",
        "userDefined": false
      }
    ],
    "isTemplate": false,
    "count": 0,
    "lang": "en",
    "updated": 0
  }
]