[
  {
    "id": "daf38af9-9d19-40f0-a318-55a097ab5f27",
    "data": [
      {
        "text": "murcielagos",
        "userDefined": false
      }
    ],
    "isTemplate": false,
    "count": 0,
    "lang": "en",
    "updated": 0
  },
  {
    "id": "203da684-41e1-4013-87e4-6060d80ed87c",
    "data": [
      {
        "text": "Did COVID come from eating bats?",
        "userDefined": false
      }
    ],
    "isTemplate": false,
    "count": 0,
    "lang": "en",
    "updated": 0
  },
  {
    "id": "5a70731d-a016-4e15-bd8f-8cfa6ad27393",
    "data": [
      {
        "text": "Did it come from someone eating bat soup?",
        "userDefined": false
      }
    ],
    "isTemplate": false,
    "count": 0,
    "lang": "en",
    "updated": 0
  },
  {
    "id": "7ce3d593-ac6f-490b-87a5-0f57b30bf54e",
    "data": [
      {
        "text": "I heard it came from bat soup?",
        "userDefined": false
      }
    ],
    "isTemplate": false,
    "count": 0,
    "lang": "en",
    "updated": 0
  },
  {
    "id": "537974b6-ad3e-4cc1-888f-17b7c8f59adf",
    "data": [
      {
        "text": "Does COVID-19 come from bat soup?",
        "userDefined": false
      }
    ],
    "isTemplate": false,
    "count": 0,
    "lang": "en",
    "updated": 0
  },
  {
    "id": "5e768798-7dc1-447c-962b-903ceb9b9cfc",
    "data": [
      {
        "text": "Did coronavirus come from eating bat soup?",
        "userDefined": false
      }
    ],
    "isTemplate": false,
    "count": 0,
    "lang": "en",
    "updated": 0
  }
]