[
  {
    "id": "b164131f-8640-420e-8eca-5b46afdc9535",
    "data": [
      {
        "text": "what about bleach",
        "userDefined": false
      }
    ],
    "isTemplate": false,
    "count": 1,
    "lang": "en",
    "updated": 0
  },
  {
    "id": "c2daeb06-0f09-4511-8c66-5dbcf4c7e67e",
    "data": [
      {
        "text": "Can i use bleach to kill it?",
        "userDefined": false
      }
    ],
    "isTemplate": false,
    "count": 0,
    "lang": "en",
    "updated": 0
  },
  {
    "id": "3ca5b46f-9aa1-45b5-91b9-d45f84590a33",
    "data": [
      {
        "text": "Does bleach kill it?",
        "userDefined": false
      }
    ],
    "isTemplate": false,
    "count": 0,
    "lang": "en",
    "updated": 0
  },
  {
    "id": "81040727-be5e-4c3d-a22e-e76b4bb6e220",
    "data": [
      {
        "text": "What about bleach",
        "userDefined": false
      }
    ],
    "isTemplate": false,
    "count": 0,
    "lang": "en",
    "updated": 0
  }
]