[
  {
    "id": "172b100a-1ea4-4d29-842e-0891b3d3d450",
    "data": [
      {
        "text": "is it safe to have coffee with a friend",
        "userDefined": false
      }
    ],
    "isTemplate": false,
    "count": 0,
    "lang": "en",
    "updated": 0
  },
  {
    "id": "e882a129-b632-416f-8eca-2e86dac8d527",
    "data": [
      {
        "text": "Can I have coffee with someone?",
        "userDefined": false
      }
    ],
    "isTemplate": false,
    "count": 0,
    "lang": "en",
    "updated": 0
  },
  {
    "id": "bbfd8718-3539-4204-9357-56d6db0bd1bd",
    "data": [
      {
        "text": "Is it safe to meet someone outside?",
        "userDefined": false
      }
    ],
    "isTemplate": false,
    "count": 0,
    "lang": "en",
    "updated": 0
  },
  {
    "id": "cd72da16-7920-4e13-9856-375520e9a5c8",
    "data": [
      {
        "text": "Is it safe to have coffee with my boss?",
        "userDefined": false
      }
    ],
    "isTemplate": false,
    "count": 0,
    "lang": "en",
    "updated": 0
  }
]