[
  {
    "id": "bb1fc319-da98-4517-827e-6c2cd8b383bf",
    "data": [
      {
        "text": "Can my dog get covid 19",
        "userDefined": false
      }
    ],
    "isTemplate": false,
    "count": 0,
    "lang": "en",
    "updated": 0
  },
  {
    "id": "f7e789e1-abb7-429e-8dcc-2061c901482f",
    "data": [
      {
        "text": "Can I make my cat sick with COVID?",
        "userDefined": false
      }
    ],
    "isTemplate": false,
    "count": 0,
    "lang": "en",
    "updated": 0
  },
  {
    "id": "07ba0abd-b8bc-445f-a97c-db3589ecbf10",
    "data": [
      {
        "text": "Can my cat get coronavirus?",
        "userDefined": false
      }
    ],
    "isTemplate": false,
    "count": 0,
    "lang": "en",
    "updated": 0
  },
  {
    "id": "288ace4d-5acb-4692-814d-6aa86bdee8bf",
    "data": [
      {
        "text": "Can my pet get it?",
        "userDefined": false
      }
    ],
    "isTemplate": false,
    "count": 0,
    "lang": "en",
    "updated": 0
  },
  {
    "id": "f96dd583-0671-4099-9e8e-5f9db4d2a328",
    "data": [
      {
        "text": "Can I give it to my dog?",
        "userDefined": false
      }
    ],
    "isTemplate": false,
    "count": 0,
    "lang": "en",
    "updated": 0
  },
  {
    "id": "8e59c5b4-e11f-496e-bc84-b4bdcb1c415c",
    "data": [
      {
        "text": "Can my dog get it?",
        "userDefined": false
      }
    ],
    "isTemplate": false,
    "count": 0,
    "lang": "en",
    "updated": 0
  }
]