[
  {
    "id": "76cfdb3f-c87e-4703-b8c1-c91b2789065f",
    "data": [
      {
        "text": "should i send my child to daycare",
        "userDefined": false
      }
    ],
    "isTemplate": false,
    "count": 0,
    "lang": "en",
    "updated": 0
  },
  {
    "id": "8964325f-9316-48d0-86fe-fcc2bc0647dd",
    "data": [
      {
        "text": "should I send my child to daycare",
        "userDefined": false
      }
    ],
    "isTemplate": false,
    "count": 0,
    "lang": "en",
    "updated": 0
  },
  {
    "id": "7472cf1d-86e1-4244-9883-1f8077268049",
    "data": [
      {
        "text": "Can I send my kids to child care?",
        "userDefined": false
      }
    ],
    "isTemplate": false,
    "count": 0,
    "lang": "en",
    "updated": 0
  },
  {
    "id": "8096b9a6-7d95-49eb-92b1-823b6ea574a1",
    "data": [
      {
        "text": "Are child care centers open?",
        "userDefined": false
      }
    ],
    "isTemplate": false,
    "count": 0,
    "lang": "en",
    "updated": 0
  },
  {
    "id": "44f9dd91-4aa6-4649-8a58-33762ffe06a9",
    "data": [
      {
        "text": "What are my childcare options?",
        "userDefined": false
      }
    ],
    "isTemplate": false,
    "count": 0,
    "lang": "en",
    "updated": 0
  }
]