[
  {
    "id": "94663587-6308-4460-8ab9-3ca601aa693c",
    "data": [
      {
        "text": "can children get it",
        "userDefined": false
      }
    ],
    "isTemplate": false,
    "count": 0,
    "lang": "en",
    "updated": 0
  },
  {
    "id": "860a505d-77a2-4677-9622-0156f84d8e46",
    "data": [
      {
        "text": "can kids get it",
        "userDefined": false
      }
    ],
    "isTemplate": false,
    "count": 0,
    "lang": "en",
    "updated": 0
  },
  {
    "id": "c17b7f9f-89a8-4f37-a172-e481fe5db1f5",
    "data": [
      {
        "text": "Does COVID effect kids?",
        "userDefined": false
      }
    ],
    "isTemplate": false,
    "count": 0,
    "lang": "en",
    "updated": 0
  },
  {
    "id": "de82e511-dc56-44d6-8ec4-5ed0adc69647",
    "data": [
      {
        "text": "Can children get COVID?",
        "userDefined": false
      }
    ],
    "isTemplate": false,
    "count": 0,
    "lang": "en",
    "updated": 0
  },
  {
    "id": "8d3a5d42-a14a-4657-9a14-29f5b7bce4bf",
    "data": [
      {
        "text": "Can kids get the virus?",
        "userDefined": false
      }
    ],
    "isTemplate": false,
    "count": 0,
    "lang": "en",
    "updated": 0
  },
  {
    "id": "6e18bd9b-3e24-474c-8def-d94ac032af4a",
    "data": [
      {
        "text": "Can children get COVID-19?",
        "userDefined": false
      }
    ],
    "isTemplate": false,
    "count": 0,
    "lang": "en",
    "updated": 0
  },
  {
    "id": "bce660df-aabe-4630-acab-ee73cb9f54ca",
    "data": [
      {
        "text": "Can kids get it?",
        "userDefined": false
      }
    ],
    "isTemplate": false,
    "count": 0,
    "lang": "en",
    "updated": 0
  }
]