[
  {
    "id": "cfc25e71-d103-474e-9563-3ea3dea1e0f0",
    "data": [
      {
        "text": "are churches meeting in person",
        "userDefined": false
      }
    ],
    "isTemplate": false,
    "count": 0,
    "lang": "en",
    "updated": 0
  },
  {
    "id": "8932490d-74dc-450c-b65c-fa8d7f95c020",
    "data": [
      {
        "text": "Is it safe to go to mass?",
        "userDefined": false
      }
    ],
    "isTemplate": false,
    "count": 0,
    "lang": "en",
    "updated": 0
  },
  {
    "id": "ca3b5ccf-c268-49e4-8696-ca04135c4b5c",
    "data": [
      {
        "text": "Can I congregate at church?",
        "userDefined": false
      }
    ],
    "isTemplate": false,
    "count": 0,
    "lang": "en",
    "updated": 0
  },
  {
    "id": "db3ba7a3-223a-4577-955b-dd8f437563cd",
    "data": [
      {
        "text": "Are church services allowed?",
        "userDefined": false
      }
    ],
    "isTemplate": false,
    "count": 0,
    "lang": "en",
    "updated": 0
  },
  {
    "id": "518b405c-1433-4b8b-984a-ec4b2ed45979",
    "data": [
      {
        "text": "Is it safe to go to church",
        "userDefined": false
      }
    ],
    "isTemplate": false,
    "count": 0,
    "lang": "en",
    "updated": 0
  },
  {
    "id": "d979db07-3868-4e0e-8c0e-348a6448f7e5",
    "data": [
      {
        "text": "Are churches meeting in person",
        "userDefined": false
      }
    ],
    "isTemplate": false,
    "count": 0,
    "lang": "en",
    "updated": 0
  }
]