[
  {
    "id": "54f7d465-b3ff-4965-9493-8f63243f2ab7",
    "data": [
      {
        "text": "can i get it from my phone",
        "userDefined": false
      }
    ],
    "isTemplate": false,
    "count": 0,
    "lang": "en",
    "updated": 0
  },
  {
    "id": "d2a1e89d-2994-46ef-90bb-4c72890abf09",
    "data": [
      {
        "text": "Can I get it from my phone?",
        "userDefined": false
      }
    ],
    "isTemplate": false,
    "count": 0,
    "lang": "en",
    "updated": 0
  },
  {
    "id": "d47235c6-8a72-4ef1-ace9-2d5dc086ac84",
    "data": [
      {
        "text": "Do I need to clean my phone?",
        "userDefined": false
      }
    ],
    "isTemplate": false,
    "count": 0,
    "lang": "en",
    "updated": 0
  },
  {
    "id": "396b3b5b-2de6-4ec8-b926-db29e540903d",
    "data": [
      {
        "text": "How do I clean my phone?",
        "userDefined": false
      }
    ],
    "isTemplate": false,
    "count": 0,
    "lang": "en",
    "updated": 0
  }
]