[
  {
    "id": "1cd2d19c-0eca-49ae-aa3e-d68eb06959a2",
    "data": [
      {
        "text": "what about groceries",
        "userDefined": false
      }
    ],
    "isTemplate": false,
    "count": 0,
    "lang": "en",
    "updated": 0
  },
  {
    "id": "91a31a7b-5a53-4b8c-be56-0db0dabebae3",
    "data": [
      {
        "text": "should i clean groceries",
        "userDefined": false
      }
    ],
    "isTemplate": false,
    "count": 0,
    "lang": "en",
    "updated": 0
  },
  {
    "id": "100a2968-f98f-483e-bb64-2826ea24b891",
    "data": [
      {
        "text": "Should I wipe down my groceries?",
        "userDefined": false
      }
    ],
    "isTemplate": false,
    "count": 0,
    "lang": "en",
    "updated": 0
  },
  {
    "id": "266d6a16-5353-42e5-80fe-94013fa20632",
    "data": [
      {
        "text": "Do I need to clean my groceries?",
        "userDefined": false
      }
    ],
    "isTemplate": false,
    "count": 0,
    "lang": "en",
    "updated": 0
  },
  {
    "id": "a6f59cfb-c19e-4f3c-9c4b-0b9b61706a11",
    "data": [
      {
        "text": "Should I clean my groceries?",
        "userDefined": false
      }
    ],
    "isTemplate": false,
    "count": 0,
    "lang": "en",
    "updated": 0
  }
]