[
  {
    "id": "f2f5e9e6-9d6b-4a65-bfbd-98060785fccf",
    "data": [
      {
        "text": "is covid like the flue",
        "userDefined": false
      }
    ],
    "isTemplate": false,
    "count": 0,
    "lang": "en",
    "updated": 0
  },
  {
    "id": "4a376b30-a7b3-48b8-841b-620e21384d14",
    "data": [
      {
        "text": "is covid like flu",
        "userDefined": false
      }
    ],
    "isTemplate": false,
    "count": 0,
    "lang": "en",
    "updated": 0
  },
  {
    "id": "1242cbcf-f948-4859-b0ce-5b0f32fd1496",
    "data": [
      {
        "text": "how does covid compare to flu",
        "userDefined": false
      }
    ],
    "isTemplate": false,
    "count": 0,
    "lang": "en",
    "updated": 0
  },
  {
    "id": "9f4b53b3-e29f-4534-ba5a-361f552708dc",
    "data": [
      {
        "text": "Is it the same as the flu",
        "userDefined": false
      }
    ],
    "isTemplate": false,
    "count": 0,
    "lang": "en",
    "updated": 0
  },
  {
    "id": "c75889ef-c964-421d-9bc2-54d39a684492",
    "data": [
      {
        "text": "How much worse is it than influenza?",
        "userDefined": false
      }
    ],
    "isTemplate": false,
    "count": 0,
    "lang": "en",
    "updated": 0
  },
  {
    "id": "4e672eee-f6d2-4039-8ade-4bc29108494d",
    "data": [
      {
        "text": "How does it compare to flu?",
        "userDefined": false
      }
    ],
    "isTemplate": false,
    "count": 0,
    "lang": "en",
    "updated": 0
  },
  {
    "id": "038a4894-e892-4e3e-a6a8-8e8d32873a37",
    "data": [
      {
        "text": "Is it the same as the flu?",
        "userDefined": false
      }
    ],
    "isTemplate": false,
    "count": 0,
    "lang": "en",
    "updated": 0
  },
  {
    "id": "44a18979-d8a1-4a83-bb07-da695a7103ea",
    "data": [
      {
        "text": "Is COVID more dangerous than flu?",
        "userDefined": false
      }
    ],
    "isTemplate": false,
    "count": 0,
    "lang": "en",
    "updated": 0
  }
]