[
  {
    "id": "cddb4359-f255-4dab-a48f-aaf10d85a0cb",
    "data": [
      {
        "text": "Jackson",
        "meta": "@ContactHealthDept",
        "alias": "kclocation",
        "userDefined": true
      }
    ],
    "isTemplate": false,
    "count": 1,
    "lang": "en",
    "updated": 0
  },
  {
    "id": "51986496-7b19-4c23-8975-e9f73ea0fc8b",
    "data": [
      {
        "text": "jackson",
        "meta": "@ContactHealthDept",
        "alias": "kclocation",
        "userDefined": false
      }
    ],
    "isTemplate": false,
    "count": 1,
    "lang": "en",
    "updated": 0
  },
  {
    "id": "f73ffe0e-cc89-43d6-bdaa-37aaeee13d40",
    "data": [
      {
        "text": "Jackson County",
        "meta": "@ContactHealthDept",
        "alias": "kclocation",
        "userDefined": true
      }
    ],
    "isTemplate": false,
    "count": 1,
    "lang": "en",
    "updated": 0
  },
  {
    "id": "331692d2-52df-47a1-985b-69fe470f8aba",
    "data": [
      {
        "text": "jackson county",
        "meta": "@ContactHealthDept",
        "alias": "kclocation",
        "userDefined": false
      }
    ],
    "isTemplate": false,
    "count": 0,
    "lang": "en",
    "updated": 0
  },
  {
    "id": "dfabc9ec-a341-4b82-9a4b-0fbbd8f91575",
    "data": [
      {
        "text": "johnson",
        "meta": "@ContactHealthDept",
        "alias": "kclocation",
        "userDefined": false
      }
    ],
    "isTemplate": false,
    "count": 0,
    "lang": "en",
    "updated": 0
  },
  {
    "id": "65d6b55d-572a-4010-b3e3-4f98f7c973f6",
    "data": [
      {
        "text": "Platte",
        "meta": "@ContactHealthDept",
        "alias": "kclocation",
        "userDefined": false
      }
    ],
    "isTemplate": false,
    "count": 0,
    "lang": "en",
    "updated": 0
  },
  {
    "id": "c1b66248-6545-45a6-8fd9-8d2056d7ced8",
    "data": [
      {
        "text": "Johnson county",
        "meta": "@ContactHealthDept",
        "alias": "kclocation",
        "userDefined": true
      }
    ],
    "isTemplate": false,
    "count": 0,
    "lang": "en",
    "updated": 0
  },
  {
    "id": "07d73e26-2337-4741-8386-99cbf96b8eb9",
    "data": [
      {
        "text": "CASS",
        "meta": "@ContactHealthDept",
        "alias": "kclocation",
        "userDefined": true
      }
    ],
    "isTemplate": false,
    "count": 0,
    "lang": "en",
    "updated": 0
  },
  {
    "id": "b73741b5-4d73-4e38-a6a0-0131e93b210e",
    "data": [
      {
        "text": "KCMO",
        "meta": "@ContactHealthDept",
        "alias": "kclocation",
        "userDefined": true
      }
    ],
    "isTemplate": false,
    "count": 0,
    "lang": "en",
    "updated": 0
  },
  {
    "id": "4a5efa85-31bd-4095-bcb1-fc51cf401f2c",
    "data": [
      {
        "text": "KCK",
        "meta": "@ContactHealthDept",
        "alias": "kclocation",
        "userDefined": true
      }
    ],
    "isTemplate": false,
    "count": 0,
    "lang": "en",
    "updated": 0
  }
]