[
  {
    "id": "5f43a6c7-163d-4dea-95cd-ee51b009374f",
    "data": [
      {
        "text": "what is contact tracing",
        "userDefined": false
      }
    ],
    "isTemplate": false,
    "count": 0,
    "lang": "en",
    "updated": 0
  },
  {
    "id": "369c0a98-979c-441e-a6f5-6d9050074b31",
    "data": [
      {
        "text": "How does contact tracing work?",
        "userDefined": false
      }
    ],
    "isTemplate": false,
    "count": 0,
    "lang": "en",
    "updated": 0
  },
  {
    "id": "67ceb873-5c45-4261-a410-a1fc975a9a2f",
    "data": [
      {
        "text": "What do you mean by tracking?",
        "userDefined": false
      }
    ],
    "isTemplate": false,
    "count": 0,
    "lang": "en",
    "updated": 0
  },
  {
    "id": "f0ab802d-fbb2-4d73-bc34-c7ab9b916e5c",
    "data": [
      {
        "text": "Why is contact tracing important?",
        "userDefined": false
      }
    ],
    "isTemplate": false,
    "count": 0,
    "lang": "en",
    "updated": 0
  },
  {
    "id": "c154499d-6069-47cb-9e2d-18ac120a2462",
    "data": [
      {
        "text": "What is contact tracing?",
        "userDefined": false
      }
    ],
    "isTemplate": false,
    "count": 0,
    "lang": "en",
    "updated": 0
  }
]