[
  {
    "id": "5e1c4ef6-8c2d-4eb4-b14e-83ffedfe164c",
    "data": [
      {
        "text": "can i be a contact tracer",
        "userDefined": false
      }
    ],
    "isTemplate": false,
    "count": 0,
    "lang": "en",
    "updated": 0
  },
  {
    "id": "9dbdc0b3-c77a-4b66-80ae-be01d6bd8210",
    "data": [
      {
        "text": "Are you hiring contact tracers?",
        "userDefined": false
      }
    ],
    "isTemplate": false,
    "count": 0,
    "lang": "en",
    "updated": 0
  },
  {
    "id": "e80fbb8f-abaf-48d4-8f5f-9b223dc66f0a",
    "data": [
      {
        "text": "How do I become a contact tracer?",
        "userDefined": false
      }
    ],
    "isTemplate": false,
    "count": 0,
    "lang": "en",
    "updated": 0
  },
  {
    "id": "0a6f878a-e6c6-435f-b05c-074cb24ce4ff",
    "data": [
      {
        "text": "Can i become a contact tracer?",
        "userDefined": false
      }
    ],
    "isTemplate": false,
    "count": 0,
    "lang": "en",
    "updated": 0
  }
]