[
  {
    "id": "9b88f4a7-98f2-46f3-b8bd-1608c1ff0ae5",
    "data": [
      {
        "text": "Do you have the phone number for the health department?",
        "userDefined": false
      }
    ],
    "isTemplate": false,
    "count": 0,
    "lang": "en",
    "updated": 0
  },
  {
    "id": "2831d24e-d7c4-4f21-b34e-a49d9975af13",
    "data": [
      {
        "text": "who can i talk to for help",
        "userDefined": false
      }
    ],
    "isTemplate": false,
    "count": 0,
    "lang": "en",
    "updated": 0
  },
  {
    "id": "ed294e50-3814-41ae-941b-d69e29612b2d",
    "data": [
      {
        "text": "where do I go for help",
        "userDefined": false
      }
    ],
    "isTemplate": false,
    "count": 0,
    "lang": "en",
    "updated": 0
  },
  {
    "id": "a9c298ad-e5fd-484a-870d-ef7fda350b14",
    "data": [
      {
        "text": "how can i get help",
        "userDefined": false
      }
    ],
    "isTemplate": false,
    "count": 0,
    "lang": "en",
    "updated": 0
  },
  {
    "id": "7dfcde64-1572-4fde-a109-b8c761a0e2f6",
    "data": [
      {
        "text": "Where is my local health dept.",
        "userDefined": false
      }
    ],
    "isTemplate": false,
    "count": 0,
    "lang": "en",
    "updated": 0
  },
  {
    "id": "a54b93f2-c716-42cf-8fbf-64a20dc01a17",
    "data": [
      {
        "text": "how do i contact my health dept.",
        "userDefined": false
      }
    ],
    "isTemplate": false,
    "count": 0,
    "lang": "en",
    "updated": 0
  },
  {
    "id": "5fd4caa2-1633-4a8b-a7b5-f45e98359ed6",
    "data": [
      {
        "text": "contact my health dept",
        "userDefined": false
      }
    ],
    "isTemplate": false,
    "count": 0,
    "lang": "en",
    "updated": 0
  },
  {
    "id": "c3e008b1-4938-4b61-9ccc-8968b36049a2",
    "data": [
      {
        "text": "contact health dept",
        "userDefined": false
      }
    ],
    "isTemplate": false,
    "count": 0,
    "lang": "en",
    "updated": 0
  },
  {
    "id": "3bc5801e-a12e-4ca6-aad2-fd58367b06c1",
    "data": [
      {
        "text": "how do i contact the health dept",
        "userDefined": false
      }
    ],
    "isTemplate": false,
    "count": 0,
    "lang": "en",
    "updated": 0
  },
  {
    "id": "91ba1c2f-6b53-452b-b3a2-45ac95833581",
    "data": [
      {
        "text": "Who is my local health dept.?",
        "userDefined": false
      }
    ],
    "isTemplate": false,
    "count": 0,
    "lang": "en",
    "updated": 0
  },
  {
    "id": "7bdf02c7-fdf0-4bec-a22f-be47e7f95352",
    "data": [
      {
        "text": "What\u0027s the phone number for the health department?",
        "userDefined": false
      }
    ],
    "isTemplate": false,
    "count": 0,
    "lang": "en",
    "updated": 0
  },
  {
    "id": "7b3c8a43-0a3a-49ae-a877-62896b6274a9",
    "data": [
      {
        "text": "How do I contact my health department?",
        "userDefined": false
      }
    ],
    "isTemplate": false,
    "count": 0,
    "lang": "en",
    "updated": 0
  }
]