[
  {
    "id": "cbc46e06-c2c2-487c-9e0f-9cfddb5659de",
    "data": [
      {
        "text": "What is the difference between covid and coronavirus",
        "userDefined": false
      }
    ],
    "isTemplate": false,
    "count": 0,
    "lang": "en",
    "updated": 0
  },
  {
    "id": "70733fc4-cac2-474f-89c3-10f97e0fd555",
    "data": [
      {
        "text": "what\u0027s the difference between covid and rona?",
        "userDefined": false
      }
    ],
    "isTemplate": false,
    "count": 0,
    "lang": "en",
    "updated": 0
  },
  {
    "id": "a007732e-652f-4d29-a1d6-8ab8ba1ca4f4",
    "data": [
      {
        "text": "What is COVID-19?",
        "userDefined": false
      }
    ],
    "isTemplate": false,
    "count": 0,
    "lang": "en",
    "updated": 0
  },
  {
    "id": "e14e4efd-5107-46d7-8e05-e4aa5b30f4c7",
    "data": [
      {
        "text": "What\u0027s the difference between COVID and coronavirus?",
        "userDefined": false
      }
    ],
    "isTemplate": false,
    "count": 0,
    "lang": "en",
    "updated": 0
  },
  {
    "id": "bb200790-70d2-483e-8526-08450ce4a649",
    "data": [
      {
        "text": "What is the difference between COVID-19 and the coronavirus?",
        "userDefined": false
      }
    ],
    "isTemplate": false,
    "count": 0,
    "lang": "en",
    "updated": 0
  }
]