[
  {
    "id": "47edbcbf-99a9-4e14-90d8-496a919f6e3d",
    "data": [
      {
        "text": "Hello",
        "userDefined": false
      }
    ],
    "isTemplate": false,
    "count": 1,
    "lang": "en",
    "updated": 0
  },
  {
    "id": "44fc1d05-fcd0-4c27-b827-697244cf7f5d",
    "data": [
      {
        "text": "Hi.",
        "userDefined": false
      }
    ],
    "isTemplate": false,
    "count": 0,
    "lang": "en",
    "updated": 0
  },
  {
    "id": "a2833fb3-9f02-461b-8ba7-ef6f62ea6dd1",
    "data": [
      {
        "text": "wassup",
        "userDefined": false
      }
    ],
    "isTemplate": false,
    "count": 0,
    "lang": "en",
    "updated": 0
  },
  {
    "id": "f3d309a4-1f32-4450-9bcf-cf3530286377",
    "data": [
      {
        "text": "Yo",
        "userDefined": false
      }
    ],
    "isTemplate": false,
    "count": 0,
    "lang": "en",
    "updated": 0
  },
  {
    "id": "01e6b41b-ca7d-4307-8e07-312ee2ad9335",
    "data": [
      {
        "text": "How\u0027s it hanging",
        "userDefined": false
      }
    ],
    "isTemplate": false,
    "count": 0,
    "lang": "en",
    "updated": 0
  },
  {
    "id": "9a88a651-0066-4362-a1db-0045b19e9ad5",
    "data": [
      {
        "text": "How ya doing?",
        "userDefined": false
      }
    ],
    "isTemplate": false,
    "count": 0,
    "lang": "en",
    "updated": 0
  },
  {
    "id": "38937da9-45df-488f-8635-94cef026dc5b",
    "data": [
      {
        "text": "Hey",
        "userDefined": false
      }
    ],
    "isTemplate": false,
    "count": 0,
    "lang": "en",
    "updated": 0
  },
  {
    "id": "766d238d-1dbf-4bb0-8a85-b2f86d8725ef",
    "data": [
      {
        "text": "What\u0027s up",
        "userDefined": false
      }
    ],
    "isTemplate": false,
    "count": 0,
    "lang": "en",
    "updated": 0
  },
  {
    "id": "9bbb270f-2b0b-4385-bbbe-d589273478ae",
    "data": [
      {
        "text": "Hi",
        "userDefined": false
      }
    ],
    "isTemplate": false,
    "count": 0,
    "lang": "en",
    "updated": 0
  }
]