[
  {
    "id": "5fa1c563-0501-4a10-bc70-c7a67a636a3d",
    "data": [
      {
        "text": "What is the most promising drug to treat CoVid?",
        "userDefined": false
      }
    ],
    "isTemplate": false,
    "count": 0,
    "lang": "en",
    "updated": 0
  },
  {
    "id": "9444f876-7dc1-4244-9502-673bb8591132",
    "data": [
      {
        "text": "Does nicotine stop covid?",
        "userDefined": false
      }
    ],
    "isTemplate": false,
    "count": 0,
    "lang": "en",
    "updated": 0
  },
  {
    "id": "3d264d9f-4d76-47a9-b257-0b7fefbda79e",
    "data": [
      {
        "text": "why is kcmo a hotspot",
        "userDefined": false
      }
    ],
    "isTemplate": false,
    "count": 0,
    "lang": "en",
    "updated": 0
  },
  {
    "id": "0e03c6d7-6b79-4ae2-ad06-b81aa476eba3",
    "data": [
      {
        "text": "Why has KCMO become a hotspot?",
        "userDefined": false
      }
    ],
    "isTemplate": false,
    "count": 0,
    "lang": "en",
    "updated": 0
  }
]