[
  {
    "id": "db2b6575-acd8-4887-8d4e-e3a52b6ca2af",
    "data": [
      {
        "text": "hola",
        "userDefined": false
      }
    ],
    "isTemplate": false,
    "count": 0,
    "lang": "es",
    "updated": 0
  },
  {
    "id": "c12ce0e1-1c12-4d8c-bec6-00fb675d8052",
    "data": [
      {
        "text": "hey",
        "userDefined": false
      }
    ],
    "isTemplate": false,
    "count": 0,
    "lang": "es",
    "updated": 0
  },
  {
    "id": "08c9def9-d4d2-4c35-845e-606564fbfa2a",
    "data": [
      {
        "text": "saludos",
        "userDefined": false
      }
    ],
    "isTemplate": false,
    "count": 0,
    "lang": "es",
    "updated": 0
  },
  {
    "id": "fd094d41-dc5f-4c07-afc0-082d9185653c",
    "data": [
      {
        "text": "hey ho",
        "userDefined": false
      }
    ],
    "isTemplate": false,
    "count": 0,
    "lang": "es",
    "updated": 0
  },
  {
    "id": "60869df5-18f1-4158-b5b2-29e169c59ad5",
    "data": [
      {
        "text": "chao",
        "userDefined": false
      }
    ],
    "isTemplate": false,
    "count": 0,
    "lang": "es",
    "updated": 0
  }
]