[
  {
    "id": "be28f292-e622-4a09-a1b5-655ff8c9a67f",
    "data": [
      {
        "text": "should i inject bleach",
        "userDefined": false
      }
    ],
    "isTemplate": false,
    "count": 1,
    "lang": "en",
    "updated": 0
  },
  {
    "id": "5134e3e0-1cab-483d-a263-ca58982ad488",
    "data": [
      {
        "text": "I heard you can inject disinfectant?",
        "userDefined": false
      }
    ],
    "isTemplate": false,
    "count": 0,
    "lang": "en",
    "updated": 0
  },
  {
    "id": "9288d9de-7186-432b-ab70-5cf2a215d087",
    "data": [
      {
        "text": "Does drinking disinfectant kill COVID?",
        "userDefined": false
      }
    ],
    "isTemplate": false,
    "count": 0,
    "lang": "en",
    "updated": 0
  },
  {
    "id": "d730d861-c046-4f36-abc5-3a45de8930bc",
    "data": [
      {
        "text": "What about drinking disinfectant?",
        "userDefined": false
      }
    ],
    "isTemplate": false,
    "count": 0,
    "lang": "en",
    "updated": 0
  },
  {
    "id": "4d32e069-3071-45df-8343-ddcf551301a3",
    "data": [
      {
        "text": "Should I inject disinfectant?",
        "userDefined": false
      }
    ],
    "isTemplate": false,
    "count": 0,
    "lang": "en",
    "updated": 0
  }
]