[
  {
    "id": "d3bf6208-2e99-4732-934b-a7ea4e608e9f",
    "data": [
      {
        "text": "are door to door salespeople allowed",
        "userDefined": false
      }
    ],
    "isTemplate": false,
    "count": 0,
    "lang": "en",
    "updated": 0
  },
  {
    "id": "70d79517-c9e8-4e31-b540-4092eb660fc3",
    "data": [
      {
        "text": "can people knock on your door without a mask?",
        "userDefined": false
      }
    ],
    "isTemplate": false,
    "count": 0,
    "lang": "en",
    "updated": 0
  },
  {
    "id": "ea93e66c-a1c4-4008-905a-849e567a58b2",
    "data": [
      {
        "text": "Are door to door salespeople allowed?",
        "userDefined": false
      }
    ],
    "isTemplate": false,
    "count": 0,
    "lang": "en",
    "updated": 0
  },
  {
    "id": "a402dbb8-cc3c-4990-97da-a12a0d925ed2",
    "data": [
      {
        "text": "Are door to door salespeople without masks allowed?",
        "userDefined": false
      }
    ],
    "isTemplate": false,
    "count": 0,
    "lang": "en",
    "updated": 0
  }
]