[
  {
    "id": "4153a77d-6590-4b5d-834a-1f4902c6fe68",
    "data": [
      {
        "text": "i have down syndrome",
        "userDefined": false
      }
    ],
    "isTemplate": false,
    "count": 0,
    "lang": "en",
    "updated": 0
  },
  {
    "id": "b136401d-e677-4794-83c4-8c0f51ba5027",
    "data": [
      {
        "text": "Does having Down Syndrome increase my risk?",
        "userDefined": false
      }
    ],
    "isTemplate": false,
    "count": 1,
    "lang": "en",
    "updated": 0
  },
  {
    "id": "4628afd3-f3bf-4e02-a196-07a6c670fa7e",
    "data": [
      {
        "text": "Are people with Down Syndrome at increased risk?",
        "userDefined": false
      }
    ],
    "isTemplate": false,
    "count": 0,
    "lang": "en",
    "updated": 0
  },
  {
    "id": "b15a1d04-258c-470f-beed-e182cc8a48d2",
    "data": [
      {
        "text": "Are people with Down Syndrome more apt to getting Covid-19?",
        "userDefined": false
      }
    ],
    "isTemplate": false,
    "count": 0,
    "lang": "en",
    "updated": 0
  }
]