[
  {
    "id": "b3b7e95c-3fe1-4ab2-a518-0d8bb30b9325",
    "data": [
      {
        "text": "can i get it from drinking",
        "userDefined": false
      }
    ],
    "isTemplate": false,
    "count": 0,
    "lang": "en",
    "updated": 0
  },
  {
    "id": "0baccfed-ca8c-4a65-a96c-5111cf311738",
    "data": [
      {
        "text": "Can I get sick from drinking someone ",
        "userDefined": false
      },
      {
        "text": "else\u0027s",
        "meta": "@sys.ignore",
        "userDefined": false
      },
      {
        "text": " water bottle?",
        "userDefined": false
      }
    ],
    "isTemplate": false,
    "count": 0,
    "lang": "en",
    "updated": 0
  },
  {
    "id": "38cfb9d2-9f89-4aab-8314-aa083c5bb9d4",
    "data": [
      {
        "text": "What if I use someone else\u0027s glass",
        "userDefined": false
      }
    ],
    "isTemplate": false,
    "count": 0,
    "lang": "en",
    "updated": 0
  },
  {
    "id": "905b0bb2-474d-4a96-8425-1f8a98ef2148",
    "data": [
      {
        "text": "Can I get sick from sharing a glass?",
        "userDefined": false
      }
    ],
    "isTemplate": false,
    "count": 0,
    "lang": "en",
    "updated": 0
  },
  {
    "id": "560bebf6-af68-43ae-b15e-af1801324605",
    "data": [
      {
        "text": "Can I get it from drinking after someone?",
        "userDefined": false
      }
    ],
    "isTemplate": false,
    "count": 0,
    "lang": "en",
    "updated": 0
  }
]