[
  {
    "id": "71fceba0-68fb-4e5d-85b5-7b37cdf9c691",
    "data": [
      {
        "text": "what is flattening the curve",
        "userDefined": false
      }
    ],
    "isTemplate": false,
    "count": 0,
    "lang": "en",
    "updated": 0
  },
  {
    "id": "02a23557-d312-424c-932c-c417722e68b6",
    "data": [
      {
        "text": "why does flatten the curve matter?",
        "userDefined": false
      }
    ],
    "isTemplate": false,
    "count": 0,
    "lang": "en",
    "updated": 0
  },
  {
    "id": "f7413264-554f-45f2-aee3-0c14f546a19d",
    "data": [
      {
        "text": "what is flattening the curve?",
        "userDefined": false
      }
    ],
    "isTemplate": false,
    "count": 0,
    "lang": "en",
    "updated": 0
  },
  {
    "id": "b5cb11e2-6559-4665-b2bb-86e2a117de50",
    "data": [
      {
        "text": "what does flatten the curve mean?",
        "userDefined": false
      }
    ],
    "isTemplate": false,
    "count": 0,
    "lang": "en",
    "updated": 0
  }
]