[
  {
    "id": "738318f0-c58c-4c1d-ac89-e95d3e148048",
    "data": [
      {
        "text": "Van I get Corona sharing food?",
        "userDefined": false
      }
    ],
    "isTemplate": false,
    "count": 0,
    "lang": "en",
    "updated": 0
  },
  {
    "id": "9bcc6a32-e3c0-4e17-839d-3490589d3652",
    "data": [
      {
        "text": "Can you get coronavirus from food?",
        "userDefined": false
      }
    ],
    "isTemplate": false,
    "count": 0,
    "lang": "en",
    "updated": 0
  },
  {
    "id": "27bd924e-a384-4baf-b6e1-626e7d1d9f80",
    "data": [
      {
        "text": "Can I get it from eating food?",
        "userDefined": false
      }
    ],
    "isTemplate": false,
    "count": 0,
    "lang": "en",
    "updated": 0
  },
  {
    "id": "6d8f9508-ba29-47ed-a034-25f4b6aed9bf",
    "data": [
      {
        "text": "Can I get it from food?",
        "userDefined": false
      }
    ],
    "isTemplate": false,
    "count": 0,
    "lang": "en",
    "updated": 0
  }
]