[
  {
    "id": "5a935980-470a-40d4-9eff-144f8ccf4500",
    "data": [
      {
        "text": "can i get it from an elevator button",
        "userDefined": false
      }
    ],
    "isTemplate": false,
    "count": 0,
    "lang": "en",
    "updated": 0
  },
  {
    "id": "fc54f145-60c3-4cc2-a513-22f5e5c4ea4a",
    "data": [
      {
        "text": "Should I clean boxes?",
        "userDefined": false
      }
    ],
    "isTemplate": false,
    "count": 0,
    "lang": "en",
    "updated": 0
  },
  {
    "id": "bdffe380-f0da-4a51-b05d-6bf85dce135f",
    "data": [
      {
        "text": "Can I get sick from deliveries?",
        "userDefined": false
      }
    ],
    "isTemplate": false,
    "count": 0,
    "lang": "en",
    "updated": 0
  },
  {
    "id": "a5bd117c-00f9-4189-aa3d-2e0b30750d9b",
    "data": [
      {
        "text": "Do I need to clean off Amazon packages?",
        "userDefined": false
      }
    ],
    "isTemplate": false,
    "count": 0,
    "lang": "en",
    "updated": 0
  },
  {
    "id": "97aaaf2e-e139-4fe3-83f9-54480862859c",
    "data": [
      {
        "text": "Can you get it from mail?",
        "userDefined": false
      }
    ],
    "isTemplate": false,
    "count": 0,
    "lang": "en",
    "updated": 0
  },
  {
    "id": "3cbeb8c0-21fa-41aa-bdc7-db7296b01490",
    "data": [
      {
        "text": "Can I get it from packages?",
        "userDefined": false
      }
    ],
    "isTemplate": false,
    "count": 0,
    "lang": "en",
    "updated": 0
  }
]