[
  {
    "id": "c967c94d-39dd-45f9-bce9-aeab7bcf7376",
    "data": [
      {
        "text": "can I get it from having sex",
        "userDefined": false
      }
    ],
    "isTemplate": false,
    "count": 0,
    "lang": "en",
    "updated": 0
  },
  {
    "id": "11c92cde-9821-468c-8f0b-e76c29fdffbd",
    "data": [
      {
        "text": "can you get it from sex",
        "userDefined": false
      }
    ],
    "isTemplate": false,
    "count": 0,
    "lang": "en",
    "updated": 0
  },
  {
    "id": "9254555d-74d5-4530-a852-a25a91d195bb",
    "data": [
      {
        "text": "Is the virus in semen?",
        "userDefined": false
      }
    ],
    "isTemplate": false,
    "count": 0,
    "lang": "en",
    "updated": 0
  },
  {
    "id": "8cd7d614-2a47-4518-b282-042aaa02aca6",
    "data": [
      {
        "text": "Can you get it from sex?",
        "userDefined": false
      }
    ],
    "isTemplate": false,
    "count": 0,
    "lang": "en",
    "updated": 0
  },
  {
    "id": "de97e25e-8b97-4ac5-a1a9-b5ad34436f35",
    "data": [
      {
        "text": "Is COVID an STD?",
        "userDefined": false
      }
    ],
    "isTemplate": false,
    "count": 0,
    "lang": "en",
    "updated": 0
  },
  {
    "id": "b4250735-900c-424f-ba76-4f84129667af",
    "data": [
      {
        "text": "Can COVID be sexually transmitted?",
        "userDefined": false
      }
    ],
    "isTemplate": false,
    "count": 0,
    "lang": "en",
    "updated": 0
  },
  {
    "id": "760ef7c2-c97d-4d13-b611-63a87ba8cf76",
    "data": [
      {
        "text": "Can I get it from having sex?",
        "userDefined": false
      }
    ],
    "isTemplate": false,
    "count": 0,
    "lang": "en",
    "updated": 0
  }
]