[
  {
    "id": "ab429638-0396-485e-ad62-2337a23fff47",
    "data": [
      {
        "text": "can I get it from my dog",
        "userDefined": false
      }
    ],
    "isTemplate": false,
    "count": 1,
    "lang": "en",
    "updated": 0
  },
  {
    "id": "9e852514-e525-4f8e-be6f-1426c0bcaa8f",
    "data": [
      {
        "text": "Can my cat give me COVID?",
        "userDefined": false
      }
    ],
    "isTemplate": false,
    "count": 0,
    "lang": "en",
    "updated": 0
  },
  {
    "id": "5a0eb152-9b34-4ab2-9fb5-5a281b777ee6",
    "data": [
      {
        "text": "Can cats get it?",
        "userDefined": false
      }
    ],
    "isTemplate": false,
    "count": 0,
    "lang": "en",
    "updated": 0
  },
  {
    "id": "52ee961e-0bf1-466b-a45a-8715750c7f1b",
    "data": [
      {
        "text": "Can I catch coronavirus from my cat?",
        "userDefined": false
      }
    ],
    "isTemplate": false,
    "count": 0,
    "lang": "en",
    "updated": 0
  },
  {
    "id": "31c3a05b-b9f8-4278-a501-dc9ab33f66a7",
    "data": [
      {
        "text": "Can my dog give me coronavirus?",
        "userDefined": false
      }
    ],
    "isTemplate": false,
    "count": 0,
    "lang": "en",
    "updated": 0
  },
  {
    "id": "3b6a0f4d-2b6b-4d12-8736-4cc5c122249f",
    "data": [
      {
        "text": "Can I catch COVID-19 from my dog?",
        "userDefined": false
      }
    ],
    "isTemplate": false,
    "count": 0,
    "lang": "en",
    "updated": 0
  },
  {
    "id": "74cd580e-d1ca-4e30-88c8-911e4e4f312a",
    "data": [
      {
        "text": "Can I get it from my dog?",
        "userDefined": false
      }
    ],
    "isTemplate": false,
    "count": 0,
    "lang": "en",
    "updated": 0
  }
]