[
  {
    "id": "9ccbd20f-0556-4f81-8098-f37c6877ec88",
    "data": [
      {
        "text": "should I go to a pool party in the Ozarks",
        "userDefined": false
      }
    ],
    "isTemplate": false,
    "count": 0,
    "lang": "en",
    "updated": 0
  },
  {
    "id": "a343bc5c-965f-4570-8d5c-ac9743ed7947",
    "data": [
      {
        "text": "should i go to a wedding",
        "userDefined": false
      }
    ],
    "isTemplate": false,
    "count": 0,
    "lang": "en",
    "updated": 0
  },
  {
    "id": "0a9866f8-d8ba-4e09-8585-b81ac7bbd775",
    "data": [
      {
        "text": "pool party in ozards",
        "userDefined": false
      }
    ],
    "isTemplate": false,
    "count": 0,
    "lang": "en",
    "updated": 0
  },
  {
    "id": "caff1770-52e3-451e-ac5b-0ce7d1b98064",
    "data": [
      {
        "text": "Is it safe to go to a friends wedding?",
        "userDefined": false
      }
    ],
    "isTemplate": false,
    "count": 0,
    "lang": "en",
    "updated": 0
  },
  {
    "id": "d335a7d2-c6d2-4781-9f69-4e62742c10c2",
    "data": [
      {
        "text": "Can I go to the club?",
        "userDefined": false
      }
    ],
    "isTemplate": false,
    "count": 0,
    "lang": "en",
    "updated": 0
  },
  {
    "id": "49f9f748-4387-4236-a51b-e7516ba92398",
    "data": [
      {
        "text": "Should I go to a party",
        "userDefined": false
      }
    ],
    "isTemplate": false,
    "count": 0,
    "lang": "en",
    "updated": 0
  },
  {
    "id": "d30be2fa-5ab7-4d14-a329-621338768c9a",
    "data": [
      {
        "text": "Should I go to a wedding?",
        "userDefined": false
      }
    ],
    "isTemplate": false,
    "count": 0,
    "lang": "en",
    "updated": 0
  },
  {
    "id": "e4d985fc-2427-4527-aca9-62633a163e80",
    "data": [
      {
        "text": "Should I party in a pool at the Ozarks?",
        "userDefined": false
      }
    ],
    "isTemplate": false,
    "count": 0,
    "lang": "en",
    "updated": 0
  }
]