[
  {
    "id": "f28cedc4-0955-41fb-98d2-e0406dfd4a61",
    "data": [
      {
        "text": "help",
        "userDefined": false
      }
    ],
    "isTemplate": false,
    "count": 0,
    "lang": "en",
    "updated": 0
  },
  {
    "id": "3f91d8b6-bbbf-4b1a-9db3-1fea838b04e5",
    "data": [
      {
        "text": "help, please",
        "userDefined": false
      }
    ],
    "isTemplate": false,
    "count": 0,
    "lang": "en",
    "updated": 0
  },
  {
    "id": "cf6e9686-8629-4fcc-823b-8da659f7a234",
    "data": [
      {
        "text": "I need help",
        "userDefined": false
      }
    ],
    "isTemplate": false,
    "count": 0,
    "lang": "en",
    "updated": 0
  },
  {
    "id": "51d6a5e3-81be-4fa4-95c8-da314e46447a",
    "data": [
      {
        "text": "Help!",
        "userDefined": false
      }
    ],
    "isTemplate": false,
    "count": 0,
    "lang": "en",
    "updated": 0
  }
]