[
  {
    "id": "daae7103-1cd4-43ad-8920-870c84bed270",
    "data": [
      {
        "text": "what is herd immunity",
        "userDefined": false
      }
    ],
    "isTemplate": false,
    "count": 0,
    "lang": "en",
    "updated": 0
  },
  {
    "id": "b4c14a54-7d4e-4d60-b815-62011a8b8a08",
    "data": [
      {
        "text": "Should we follow a herd immunity strategy?",
        "userDefined": false
      }
    ],
    "isTemplate": false,
    "count": 0,
    "lang": "en",
    "updated": 0
  },
  {
    "id": "f94bcf24-71a5-48ed-8914-87a39b713f13",
    "data": [
      {
        "text": "When will we reach herd immunity?",
        "userDefined": false
      }
    ],
    "isTemplate": false,
    "count": 0,
    "lang": "en",
    "updated": 0
  },
  {
    "id": "9a6f1093-0657-4ac4-aa90-64924d5ee941",
    "data": [
      {
        "text": "What is herd immunity?",
        "userDefined": false
      }
    ],
    "isTemplate": false,
    "count": 0,
    "lang": "en",
    "updated": 0
  }
]