[
  {
    "id": "dc93ade9-4615-4b77-8dc5-70488036cadd",
    "data": [
      {
        "text": "hola!",
        "userDefined": false
      }
    ],
    "isTemplate": false,
    "count": 0,
    "lang": "en",
    "updated": 0
  },
  {
    "id": "e9caa5d5-ec49-4104-8bf0-cf534113aed5",
    "data": [
      {
        "text": "hola",
        "userDefined": false
      }
    ],
    "isTemplate": false,
    "count": 1,
    "lang": "en",
    "updated": 0
  },
  {
    "id": "697fd70a-a484-4e60-8dca-a1b4efc335de",
    "data": [
      {
        "text": "Qué tal",
        "userDefined": false
      }
    ],
    "isTemplate": false,
    "count": 0,
    "lang": "en",
    "updated": 0
  },
  {
    "id": "aba3f135-95f1-4152-801b-26ea789fc3d5",
    "data": [
      {
        "text": "¿Cómo te va?",
        "userDefined": false
      }
    ],
    "isTemplate": false,
    "count": 0,
    "lang": "en",
    "updated": 0
  },
  {
    "id": "5fd5932d-a570-4d53-94b4-1ccdbd03de7b",
    "data": [
      {
        "text": "muy buenos",
        "userDefined": false
      }
    ],
    "isTemplate": false,
    "count": 0,
    "lang": "en",
    "updated": 0
  },
  {
    "id": "50222c74-db86-4d03-a962-7811ed6b1135",
    "data": [
      {
        "text": "buenos noches",
        "userDefined": false
      }
    ],
    "isTemplate": false,
    "count": 0,
    "lang": "en",
    "updated": 0
  },
  {
    "id": "681050ee-bc1b-49a6-8ebe-fcfff634b163",
    "data": [
      {
        "text": "buenos tardes",
        "userDefined": false
      }
    ],
    "isTemplate": false,
    "count": 0,
    "lang": "en",
    "updated": 0
  },
  {
    "id": "7751cc27-6cec-4f6a-80f4-1367c4f2812e",
    "data": [
      {
        "text": "buenos días",
        "userDefined": false
      }
    ],
    "isTemplate": false,
    "count": 0,
    "lang": "en",
    "updated": 0
  }
]