[
  {
    "data": [
      {
        "text": "Does homemade sanitizer kill coronavirus?",
        "userDefined": false
      }
    ],
    "isTemplate": false,
    "count": 0,
    "lang": "en",
    "updated": 0
  },
  {
    "data": [
      {
        "text": "Does homemade sanitizer work?",
        "userDefined": false
      }
    ],
    "isTemplate": false,
    "count": 0,
    "lang": "en",
    "updated": 0
  },
  {
    "data": [
      {
        "text": "What about homemade sanitizer?",
        "userDefined": false
      }
    ],
    "isTemplate": false,
    "count": 0,
    "lang": "en",
    "updated": 0
  },
  {
    "data": [
      {
        "text": "Can I make my own hand sanitizer?",
        "userDefined": false
      }
    ],
    "isTemplate": false,
    "count": 0,
    "lang": "en",
    "updated": 0
  }
]