[
  {
    "id": "c014590a-559d-4f16-84ef-de31988bf24c",
    "data": [
      {
        "text": "i heard a hair dryer can kill it",
        "userDefined": false
      }
    ],
    "isTemplate": false,
    "count": 1,
    "lang": "en",
    "updated": 0
  },
  {
    "id": "ddcee63e-94fb-47c5-b093-e84b7f9fc3a2",
    "data": [
      {
        "text": "Can I use a hair dryer to kill coronavirus?",
        "userDefined": false
      }
    ],
    "isTemplate": false,
    "count": 0,
    "lang": "en",
    "updated": 0
  },
  {
    "id": "b8c60901-d519-4464-850e-8c97212036f9",
    "data": [
      {
        "text": "Can a hair dryer kill COVID?",
        "userDefined": false
      }
    ],
    "isTemplate": false,
    "count": 0,
    "lang": "en",
    "updated": 0
  },
  {
    "id": "dea57d07-021a-4b9b-bf46-9c5685e0af76",
    "data": [
      {
        "text": "I\u0027ve heard you should inhale hot air from a hair dryer?",
        "userDefined": false
      }
    ],
    "isTemplate": false,
    "count": 0,
    "lang": "en",
    "updated": 0
  },
  {
    "id": "6f3c7109-7ac7-48f3-aad2-e2cca4cdb4d3",
    "data": [
      {
        "text": "Does hot air from a hairdryer kill it?",
        "userDefined": false
      }
    ],
    "isTemplate": false,
    "count": 0,
    "lang": "en",
    "updated": 0
  },
  {
    "id": "830d2100-2c53-44a5-afc4-f155e348adfc",
    "data": [
      {
        "text": "I heard that hot air from a hair dryer kills it.",
        "userDefined": false
      }
    ],
    "isTemplate": false,
    "count": 0,
    "lang": "en",
    "updated": 0
  }
]