[
  {
    "id": "8e61a5d3-36ff-467c-91d9-9b58a142e8d3",
    "data": [
      {
        "text": "How many people in ",
        "userDefined": false
      },
      {
        "text": "Wyandotte",
        "meta": "@sys.geo-city",
        "alias": "geo-city",
        "userDefined": false
      },
      {
        "text": " county have been tested?",
        "userDefined": false
      }
    ],
    "isTemplate": false,
    "count": 0,
    "lang": "en",
    "updated": 0
  },
  {
    "id": "85ce2223-720f-4927-8162-7fc2a44144fd",
    "data": [
      {
        "text": "What percent of infected children have died from CoVid?",
        "userDefined": false
      }
    ],
    "isTemplate": false,
    "count": 0,
    "lang": "en",
    "updated": 0
  },
  {
    "id": "32b31841-5054-4003-b8a9-917ffbbeb91d",
    "data": [
      {
        "text": "how many people died in KC",
        "userDefined": false
      }
    ],
    "isTemplate": false,
    "count": 0,
    "lang": "en",
    "updated": 0
  },
  {
    "id": "59b68d9e-1283-491d-aa47-bfc317c1fbb3",
    "data": [
      {
        "text": "Is the curve flattening?",
        "userDefined": false
      }
    ],
    "isTemplate": false,
    "count": 0,
    "lang": "en",
    "updated": 0
  },
  {
    "id": "4d0ade35-8018-4cff-9f09-721955044116",
    "data": [
      {
        "text": "How many confirmed cases in Johnson County?",
        "userDefined": false
      }
    ],
    "isTemplate": false,
    "count": 0,
    "lang": "en",
    "updated": 0
  },
  {
    "id": "c2f9f354-377b-41a1-8cfa-80b6a92dec7c",
    "data": [
      {
        "text": "Are the covid ",
        "userDefined": false
      },
      {
        "text": "19",
        "meta": "@sys.number",
        "alias": "number",
        "userDefined": false
      },
      {
        "text": " numbers accurate?",
        "userDefined": false
      }
    ],
    "isTemplate": false,
    "count": 0,
    "lang": "en",
    "updated": 0
  },
  {
    "id": "8f3a73d3-963f-4b66-9f5a-3822b657ea82",
    "data": [
      {
        "text": "How many people have tested positive for COVID-19 in Missouri?",
        "userDefined": false
      }
    ],
    "isTemplate": false,
    "count": 0,
    "lang": "en",
    "updated": 0
  },
  {
    "id": "b7ac637c-c69a-4ef6-8fdf-1c1a91882f64",
    "data": [
      {
        "text": "what is the infection rate",
        "userDefined": false
      }
    ],
    "isTemplate": false,
    "count": 0,
    "lang": "en",
    "updated": 0
  },
  {
    "id": "a5c9b6b6-d3c7-4148-9bb4-b5d96fb5bdef",
    "data": [
      {
        "text": "Has the Covid curve decreased in Kansas?",
        "userDefined": false
      }
    ],
    "isTemplate": false,
    "count": 0,
    "lang": "en",
    "updated": 0
  },
  {
    "id": "4dd11dd7-2e91-44f3-8b4d-eb034b66e631",
    "data": [
      {
        "text": "How many cases of covid 19 are in Johnson county Kansas?",
        "userDefined": false
      }
    ],
    "isTemplate": false,
    "count": 0,
    "lang": "en",
    "updated": 0
  },
  {
    "id": "610fd0d8-fca4-4c62-a15a-4620f0d2eda7",
    "data": [
      {
        "text": "What is the current rate of infections in Johnson County?",
        "userDefined": false
      }
    ],
    "isTemplate": false,
    "count": 0,
    "lang": "en",
    "updated": 0
  },
  {
    "id": "91c496d5-52f6-4784-8ec6-1e8a65779a9f",
    "data": [
      {
        "text": "what is the infection rate in ",
        "userDefined": false
      },
      {
        "text": "KCMO",
        "meta": "@sys.geo-city",
        "alias": "geo-city",
        "userDefined": false
      },
      {
        "text": "?",
        "userDefined": false
      }
    ],
    "isTemplate": false,
    "count": 0,
    "lang": "en",
    "updated": 0
  },
  {
    "id": "8370d068-f94b-4726-8f3c-5283402a635a",
    "data": [
      {
        "text": "how many people have died from COVID 19",
        "userDefined": false
      }
    ],
    "isTemplate": false,
    "count": 0,
    "lang": "en",
    "updated": 0
  },
  {
    "id": "fb58ecf0-d351-4451-919e-781f084281a9",
    "data": [
      {
        "text": "how many people are sick in my area",
        "userDefined": false
      }
    ],
    "isTemplate": false,
    "count": 0,
    "lang": "en",
    "updated": 0
  },
  {
    "id": "09e87bf5-30f4-4502-abb8-b4b86698f148",
    "data": [
      {
        "text": "how many people have been tested",
        "userDefined": false
      }
    ],
    "isTemplate": false,
    "count": 0,
    "lang": "en",
    "updated": 0
  },
  {
    "id": "3fb1bde3-7d9f-4bbd-ab8a-ccc413895cd8",
    "data": [
      {
        "text": "how many people have died",
        "userDefined": false
      }
    ],
    "isTemplate": false,
    "count": 1,
    "lang": "en",
    "updated": 0
  },
  {
    "id": "33f1d681-7017-463b-a0bf-8c8f4d1303b8",
    "data": [
      {
        "text": "how many people died",
        "userDefined": false
      }
    ],
    "isTemplate": false,
    "count": 0,
    "lang": "en",
    "updated": 0
  },
  {
    "id": "7c3c7974-bcbc-42b8-8e12-4114dcd2bd75",
    "data": [
      {
        "text": "how many are dead",
        "userDefined": false
      }
    ],
    "isTemplate": false,
    "count": 0,
    "lang": "en",
    "updated": 0
  },
  {
    "id": "6aca51ec-cce8-4eaa-9aab-47f01978c9f1",
    "data": [
      {
        "text": "How many people have died",
        "userDefined": false
      }
    ],
    "isTemplate": false,
    "count": 0,
    "lang": "en",
    "updated": 0
  },
  {
    "id": "5ef6de8a-5437-4df8-afa9-c9bc39c2a274",
    "data": [
      {
        "text": "how many patients are there",
        "userDefined": false
      }
    ],
    "isTemplate": false,
    "count": 0,
    "lang": "en",
    "updated": 0
  },
  {
    "id": "402ad34a-9e09-4542-90aa-86a300eb21b8",
    "data": [
      {
        "text": "how many are sick",
        "userDefined": false
      }
    ],
    "isTemplate": false,
    "count": 0,
    "lang": "en",
    "updated": 0
  },
  {
    "id": "f8ebafb8-533f-45a7-afec-ffaa9152110c",
    "data": [
      {
        "text": "how many cases do we have",
        "userDefined": false
      }
    ],
    "isTemplate": false,
    "count": 0,
    "lang": "en",
    "updated": 0
  },
  {
    "id": "92f4c53c-7ab6-4082-9b07-ead6e384c55c",
    "data": [
      {
        "text": "how many have died",
        "userDefined": false
      }
    ],
    "isTemplate": false,
    "count": 0,
    "lang": "en",
    "updated": 0
  },
  {
    "id": "7e30f397-841e-4561-b4eb-7a44244349e6",
    "data": [
      {
        "text": "How many people are dead",
        "userDefined": false
      }
    ],
    "isTemplate": false,
    "count": 0,
    "lang": "en",
    "updated": 0
  },
  {
    "id": "7b593484-35a6-402f-8904-d9bf3253a8e8",
    "data": [
      {
        "text": "how many people have been hospitalized",
        "userDefined": false
      }
    ],
    "isTemplate": false,
    "count": 0,
    "lang": "en",
    "updated": 0
  },
  {
    "id": "c52c766c-4ab0-43ae-ba21-11864a797020",
    "data": [
      {
        "text": "how many people are sick",
        "userDefined": false
      }
    ],
    "isTemplate": false,
    "count": 0,
    "lang": "en",
    "updated": 0
  },
  {
    "id": "77a8a58d-6a85-427d-866e-39864ed58b8d",
    "data": [
      {
        "text": "How many people have died from COVID in KC?",
        "userDefined": false
      }
    ],
    "isTemplate": false,
    "count": 0,
    "lang": "en",
    "updated": 0
  },
  {
    "id": "6ba2402c-268b-4a40-8065-9775943085d9",
    "data": [
      {
        "text": "What is the fatality rate of COVID in ",
        "userDefined": false
      },
      {
        "text": "Kansas City",
        "meta": "@sys.geo-city",
        "alias": "geo-city",
        "userDefined": false
      }
    ],
    "isTemplate": false,
    "count": 0,
    "lang": "en",
    "updated": 0
  },
  {
    "id": "a963a1c4-6196-4a1d-9ff7-9b5a585d02e4",
    "data": [
      {
        "text": "How many people have died in KC from the coronavirus?",
        "userDefined": false
      }
    ],
    "isTemplate": false,
    "count": 0,
    "lang": "en",
    "updated": 0
  },
  {
    "id": "bb7e3950-dae8-41d2-8658-b9bdc2ffe807",
    "data": [
      {
        "text": "How many cases of COVID has Kansas City had?",
        "userDefined": false
      }
    ],
    "isTemplate": false,
    "count": 0,
    "lang": "en",
    "updated": 0
  }
]