[
  {
    "id": "a79a78de-e483-4032-b497-aa65f82fbdda",
    "data": [
      {
        "text": "how does covid-19 spread",
        "userDefined": false
      }
    ],
    "isTemplate": false,
    "count": 0,
    "lang": "en",
    "updated": 0
  },
  {
    "id": "d80e4383-77eb-44ce-bd77-f0d2a93533e2",
    "data": [
      {
        "text": "How do you get the corona virus?",
        "userDefined": false
      }
    ],
    "isTemplate": false,
    "count": 0,
    "lang": "en",
    "updated": 0
  },
  {
    "id": "7fcfc9df-be11-4fb7-b5a0-14343865fcd2",
    "data": [
      {
        "text": "How do you get covid-19?",
        "userDefined": false
      }
    ],
    "isTemplate": false,
    "count": 0,
    "lang": "en",
    "updated": 0
  },
  {
    "id": "e05e19ee-55df-4d15-bd23-b8532a3308e2",
    "data": [
      {
        "text": "How can I get covid 19?",
        "userDefined": false
      }
    ],
    "isTemplate": false,
    "count": 0,
    "lang": "en",
    "updated": 0
  },
  {
    "id": "b2aa01fc-9f21-4029-b6a1-a797551a1203",
    "data": [
      {
        "text": "how does this spread?",
        "userDefined": false
      }
    ],
    "isTemplate": false,
    "count": 0,
    "lang": "en",
    "updated": 0
  },
  {
    "id": "58a6fd24-1f99-44bf-95e7-415c0ea47f9d",
    "data": [
      {
        "text": "How does COVID spread?",
        "userDefined": false
      }
    ],
    "isTemplate": false,
    "count": 0,
    "lang": "en",
    "updated": 0
  },
  {
    "id": "d1e4d725-6296-4c94-8128-ccd9708075cb",
    "data": [
      {
        "text": "How does coronavirus spread?",
        "userDefined": false
      }
    ],
    "isTemplate": false,
    "count": 0,
    "lang": "en",
    "updated": 0
  },
  {
    "id": "3c992d27-04c3-48d5-bd12-5839a9e6ad0b",
    "data": [
      {
        "text": "How does COVID-19 spread?",
        "userDefined": false
      }
    ],
    "isTemplate": false,
    "count": 0,
    "lang": "en",
    "updated": 0
  }
]