[
  {
    "id": "b0921df2-64bf-4886-9732-7a21b157c415",
    "data": [
      {
        "text": "how long does it take to show symptoms",
        "userDefined": false
      }
    ],
    "isTemplate": false,
    "count": 0,
    "lang": "en",
    "updated": 0
  },
  {
    "id": "ff7c2440-6464-4450-8d62-4ed14f4c5f2b",
    "data": [
      {
        "text": "What is the incubation period?",
        "userDefined": false
      }
    ],
    "isTemplate": false,
    "count": 0,
    "lang": "en",
    "updated": 0
  },
  {
    "id": "1c098969-aa71-4c47-ad65-725656ed324e",
    "data": [
      {
        "text": "How long after I am exposed before symptoms show up?",
        "userDefined": false
      }
    ],
    "isTemplate": false,
    "count": 0,
    "lang": "en",
    "updated": 0
  },
  {
    "id": "367accfe-c445-4f4e-88bc-3641c23cf253",
    "data": [
      {
        "text": "How long does it take for COVID symptoms to start?",
        "userDefined": false
      }
    ],
    "isTemplate": false,
    "count": 0,
    "lang": "en",
    "updated": 0
  },
  {
    "id": "92c2aa8f-2a6d-4325-a0fe-f4a1c3eec62c",
    "data": [
      {
        "text": "How long before symptoms start to happen?",
        "userDefined": false
      }
    ],
    "isTemplate": false,
    "count": 0,
    "lang": "en",
    "updated": 0
  },
  {
    "id": "427235b7-d0c8-467c-8a7f-68e7223f0fd4",
    "data": [
      {
        "text": "What is the incubation period",
        "userDefined": false
      }
    ],
    "isTemplate": false,
    "count": 0,
    "lang": "en",
    "updated": 0
  },
  {
    "id": "5e05abf6-946f-4b4d-a5f2-589e4566c807",
    "data": [
      {
        "text": "How long does it take to show symptoms",
        "userDefined": false
      }
    ],
    "isTemplate": false,
    "count": 0,
    "lang": "en",
    "updated": 0
  }
]