[
  {
    "id": "f023240a-773c-47ae-9df4-1f2ff2c7d905",
    "data": [
      {
        "text": "Is corona virus contagious",
        "userDefined": false
      }
    ],
    "isTemplate": false,
    "count": 0,
    "lang": "en",
    "updated": 0
  },
  {
    "id": "2528514f-993e-4a09-8103-26256a62ad89",
    "data": [
      {
        "text": "how contagious is this?",
        "userDefined": false
      }
    ],
    "isTemplate": false,
    "count": 0,
    "lang": "en",
    "updated": 0
  },
  {
    "id": "8063f709-d336-4a81-a67d-e9c58748bae6",
    "data": [
      {
        "text": "how quickly does this spread?",
        "userDefined": false
      }
    ],
    "isTemplate": false,
    "count": 0,
    "lang": "en",
    "updated": 0
  },
  {
    "id": "a30972c1-b008-49dc-a607-fefa9b65fe84",
    "data": [
      {
        "text": "Is the coronavirus more contagious than the flu",
        "userDefined": false
      }
    ],
    "isTemplate": false,
    "count": 0,
    "lang": "en",
    "updated": 0
  },
  {
    "id": "a35c2252-cf77-4783-883b-bb6c40b1b0d4",
    "data": [
      {
        "text": "How contagious is the coronavirus",
        "userDefined": false
      }
    ],
    "isTemplate": false,
    "count": 0,
    "lang": "en",
    "updated": 0
  },
  {
    "id": "f4f1929b-c31e-4dcd-b502-941088717530",
    "data": [
      {
        "text": "How contagious is covid",
        "userDefined": false
      }
    ],
    "isTemplate": false,
    "count": 0,
    "lang": "en",
    "updated": 0
  }
]