[
  {
    "id": "7c703e41-d49b-49bb-a794-21c6b9d4fb5f",
    "data": [
      {
        "text": "Are they free?",
        "userDefined": false
      }
    ],
    "isTemplate": false,
    "count": 0,
    "lang": "en",
    "updated": 0
  },
  {
    "id": "8b376a5d-64f0-41e9-9559-b693d32ae162",
    "data": [
      {
        "text": "how much does it cost",
        "userDefined": false
      }
    ],
    "isTemplate": false,
    "count": 0,
    "lang": "en",
    "updated": 0
  },
  {
    "id": "a00b84b7-b0b9-4d57-9502-76fcef33ff98",
    "data": [
      {
        "text": "how much does it cost?",
        "userDefined": false
      }
    ],
    "isTemplate": false,
    "count": 0,
    "lang": "en",
    "updated": 0
  },
  {
    "id": "08ae9b55-8e41-4207-92ac-1a9e255d94af",
    "data": [
      {
        "text": "how much does a test cost",
        "userDefined": false
      }
    ],
    "isTemplate": false,
    "count": 1,
    "lang": "en",
    "updated": 0
  },
  {
    "id": "2b20ad00-fc0e-4092-8f8d-6ccfecb03a53",
    "data": [
      {
        "text": "is testing free",
        "userDefined": false
      }
    ],
    "isTemplate": false,
    "count": 1,
    "lang": "en",
    "updated": 0
  },
  {
    "id": "8231d6ec-bdf2-4022-a655-118708906e7e",
    "data": [
      {
        "text": "what does it cost",
        "userDefined": false
      }
    ],
    "isTemplate": false,
    "count": 0,
    "lang": "en",
    "updated": 0
  },
  {
    "id": "aa108b33-91fa-457a-9fb3-937fb42eeb59",
    "data": [
      {
        "text": "Do I have to pay to get tested?",
        "userDefined": false
      }
    ],
    "isTemplate": false,
    "count": 0,
    "lang": "en",
    "updated": 0
  },
  {
    "id": "00da8bf7-82c0-46e3-8c60-937a910f31d3",
    "data": [
      {
        "text": "How much does covid testing cost?",
        "userDefined": false
      }
    ],
    "isTemplate": false,
    "count": 0,
    "lang": "en",
    "updated": 0
  },
  {
    "id": "1744a752-9bbb-4cb7-beaa-7d49785f7293",
    "data": [
      {
        "text": "How much does a test cost?",
        "userDefined": false
      }
    ],
    "isTemplate": false,
    "count": 0,
    "lang": "en",
    "updated": 0
  }
]