[
  {
    "id": "8cb325f8-9044-4dc7-9b9b-6bd7d7d2e955",
    "data": [
      {
        "text": "how long will i be contagious",
        "userDefined": false
      }
    ],
    "isTemplate": false,
    "count": 0,
    "lang": "en",
    "updated": 0
  },
  {
    "id": "90c2d881-50ea-4ea1-9f64-8f5dc1bf51c4",
    "data": [
      {
        "text": "How long are people sick with the coronavirus?",
        "userDefined": false
      }
    ],
    "isTemplate": false,
    "count": 0,
    "lang": "en",
    "updated": 0
  },
  {
    "id": "a5f35268-c513-46a0-a23c-0db5a659d51b",
    "data": [
      {
        "text": "How long does it usually last?",
        "userDefined": false
      }
    ],
    "isTemplate": false,
    "count": 0,
    "lang": "en",
    "updated": 0
  },
  {
    "id": "d091d3f1-7374-4726-b423-8d0a3e682c5b",
    "data": [
      {
        "text": "how long will I be sick?",
        "userDefined": false
      }
    ],
    "isTemplate": false,
    "count": 0,
    "lang": "en",
    "updated": 0
  },
  {
    "id": "cb547f26-b990-4a56-bd49-ada252115998",
    "data": [
      {
        "text": "How long does it last?",
        "userDefined": false
      }
    ],
    "isTemplate": false,
    "count": 0,
    "lang": "en",
    "updated": 0
  },
  {
    "id": "05e3cb29-3d2a-4c69-bd0f-07e954230d74",
    "data": [
      {
        "text": "how long are you contagious if you get it?",
        "userDefined": false
      }
    ],
    "isTemplate": false,
    "count": 0,
    "lang": "en",
    "updated": 0
  },
  {
    "id": "fbaba8f9-a059-477b-ad01-6a052d73494e",
    "data": [
      {
        "text": "How long will I be contagious?",
        "userDefined": false
      }
    ],
    "isTemplate": false,
    "count": 0,
    "lang": "en",
    "updated": 0
  }
]