[
  {
    "id": "6032ab4f-a1c8-435b-8f73-a417ff5264bb",
    "data": [
      {
        "text": "when can i hug my friends",
        "userDefined": false
      }
    ],
    "isTemplate": false,
    "count": 0,
    "lang": "en",
    "updated": 0
  },
  {
    "id": "60f8ba64-c84c-406f-a5c4-8d1968b4f3e6",
    "data": [
      {
        "text": "When will we be able to shake hands?",
        "userDefined": false
      }
    ],
    "isTemplate": false,
    "count": 0,
    "lang": "en",
    "updated": 0
  },
  {
    "id": "ea33d68d-fbe7-4272-8a28-59a8575405ec",
    "data": [
      {
        "text": "What about hugging people?",
        "userDefined": false
      }
    ],
    "isTemplate": false,
    "count": 0,
    "lang": "en",
    "updated": 0
  },
  {
    "id": "4e0072f2-41fb-41b7-b923-5021c9e664fc",
    "data": [
      {
        "text": "Is it safe to hug friends?",
        "userDefined": false
      }
    ],
    "isTemplate": false,
    "count": 0,
    "lang": "en",
    "updated": 0
  },
  {
    "id": "bd79c62e-7f27-41c0-8a80-578ba44482f7",
    "data": [
      {
        "text": "When will I be able to hug people?",
        "userDefined": false
      }
    ],
    "isTemplate": false,
    "count": 0,
    "lang": "en",
    "updated": 0
  },
  {
    "id": "6ee6828d-1e04-4cca-b768-bdf7240dd9c9",
    "data": [
      {
        "text": "When can I hug my friends again?",
        "userDefined": false
      }
    ],
    "isTemplate": false,
    "count": 0,
    "lang": "en",
    "updated": 0
  }
]