[
  {
    "id": "3c331b02-6e63-4e68-92f0-c6d4696ee454",
    "data": [
      {
        "text": "what about hcq",
        "userDefined": false
      }
    ],
    "isTemplate": false,
    "count": 0,
    "lang": "en",
    "updated": 0
  },
  {
    "id": "e7f0382d-1548-4a65-a804-7bdf7b4bf2ab",
    "data": [
      {
        "text": "Does HCQ work?",
        "userDefined": false
      }
    ],
    "isTemplate": false,
    "count": 0,
    "lang": "en",
    "updated": 0
  },
  {
    "id": "c559ef14-422c-49e1-b3ac-5715d93fe993",
    "data": [
      {
        "text": "What about HCQ?",
        "userDefined": false
      }
    ],
    "isTemplate": false,
    "count": 0,
    "lang": "en",
    "updated": 0
  },
  {
    "id": "1b970c9f-836c-456f-8dea-d365919e2e4c",
    "data": [
      {
        "text": "What about hydroxychloroquine?",
        "userDefined": false
      }
    ],
    "isTemplate": false,
    "count": 0,
    "lang": "en",
    "updated": 0
  },
  {
    "id": "bee68fc0-de80-42d8-b8db-f12930456b76",
    "data": [
      {
        "text": "Does hydroxychoroquine cure it?",
        "userDefined": false
      }
    ],
    "isTemplate": false,
    "count": 0,
    "lang": "en",
    "updated": 0
  },
  {
    "id": "4500a994-b16d-49d0-890c-f49ad693bded",
    "data": [
      {
        "text": "Can hydroxychloroquine prevent coronavirus infection?",
        "userDefined": false
      }
    ],
    "isTemplate": false,
    "count": 0,
    "lang": "en",
    "updated": 0
  }
]