[
  {
    "id": "0322fc45-2940-4824-acdd-b65c0c3aa989",
    "data": [
      {
        "text": "I have a cough",
        "userDefined": false
      }
    ],
    "isTemplate": false,
    "count": 0,
    "lang": "en",
    "updated": 0
  },
  {
    "id": "938ed942-b822-4ca2-868a-5135650712d6",
    "data": [
      {
        "text": "i have a cough what should I do?",
        "userDefined": false
      }
    ],
    "isTemplate": false,
    "count": 0,
    "lang": "en",
    "updated": 0
  },
  {
    "id": "5bf391c5-0100-4e11-9aa7-419ba30c6063",
    "data": [
      {
        "text": "I have a cough. What should I do?",
        "userDefined": false
      }
    ],
    "isTemplate": false,
    "count": 0,
    "lang": "en",
    "updated": 0
  },
  {
    "id": "b930c6bc-9614-413b-a0e9-e3dc0aee6e67",
    "data": [
      {
        "text": "I have a cough but no fever. What should I do?",
        "userDefined": false
      }
    ],
    "isTemplate": false,
    "count": 0,
    "lang": "en",
    "updated": 0
  },
  {
    "id": "4e170148-a58f-4edf-ae4c-c20f6028d397",
    "data": [
      {
        "text": "I have a ",
        "userDefined": false
      },
      {
        "text": "sore throat",
        "meta": "@symptoms",
        "alias": "symptoms",
        "userDefined": false
      },
      {
        "text": ". What should I do?",
        "userDefined": false
      }
    ],
    "isTemplate": false,
    "count": 0,
    "lang": "en",
    "updated": 0
  },
  {
    "id": "32b921bf-89d7-4ba3-bda9-d09866341b60",
    "data": [
      {
        "text": "i have ",
        "userDefined": false
      },
      {
        "text": "pressure in my chest",
        "meta": "@symptoms",
        "alias": "symptoms",
        "userDefined": true
      }
    ],
    "isTemplate": false,
    "count": 0,
    "lang": "en",
    "updated": 0
  },
  {
    "id": "134dcc41-8eb7-4b97-a6e6-80fc6ad119c8",
    "data": [
      {
        "text": "i have ",
        "userDefined": false
      },
      {
        "text": "trouble breathing",
        "meta": "@symptoms",
        "alias": "symptoms",
        "userDefined": true
      }
    ],
    "isTemplate": false,
    "count": 0,
    "lang": "en",
    "updated": 0
  },
  {
    "id": "fefe91a4-e93e-41fc-bfd1-3e52f63aede9",
    "data": [
      {
        "text": "I have ",
        "userDefined": false
      },
      {
        "text": "night sweats",
        "meta": "@symptoms",
        "alias": "symptoms",
        "userDefined": true
      }
    ],
    "isTemplate": false,
    "count": 0,
    "lang": "en",
    "updated": 0
  },
  {
    "id": "54bd3d49-c9ac-457f-bbad-3733a381b58b",
    "data": [
      {
        "text": "i have a ",
        "userDefined": false
      },
      {
        "text": "fever",
        "meta": "@symptoms",
        "alias": "symptoms",
        "userDefined": false
      },
      {
        "text": " and ",
        "userDefined": false
      },
      {
        "text": "chills",
        "meta": "@symptoms",
        "alias": "symptoms",
        "userDefined": false
      }
    ],
    "isTemplate": false,
    "count": 0,
    "lang": "en",
    "updated": 0
  },
  {
    "id": "6e8b9a49-994e-4af9-a208-250962789575",
    "data": [
      {
        "text": "I have ",
        "userDefined": false
      },
      {
        "text": "pain in my throat",
        "meta": "@symptoms",
        "alias": "symptoms",
        "userDefined": true
      }
    ],
    "isTemplate": false,
    "count": 0,
    "lang": "en",
    "updated": 0
  },
  {
    "id": "1cab040c-b8bb-42c3-8067-8d209a745d0a",
    "data": [
      {
        "text": "i have ",
        "userDefined": false
      },
      {
        "text": "muscle aches",
        "meta": "@symptoms",
        "alias": "symptoms",
        "userDefined": false
      }
    ],
    "isTemplate": false,
    "count": 0,
    "lang": "en",
    "updated": 0
  },
  {
    "id": "9d00e9b6-73ce-4af3-9014-3fed78b2e11e",
    "data": [
      {
        "text": "i have a ",
        "userDefined": false
      },
      {
        "text": "sore throat",
        "meta": "@symptoms",
        "alias": "symptoms",
        "userDefined": false
      }
    ],
    "isTemplate": false,
    "count": 0,
    "lang": "en",
    "updated": 0
  }
]