[
  {
    "id": "76613e9c-dd02-4912-b07e-6517f915352f",
    "data": [
      {
        "text": "what should I do if I was exposed to someone who is COVID positive?",
        "userDefined": false
      }
    ],
    "isTemplate": false,
    "count": 0,
    "lang": "en",
    "updated": 0
  },
  {
    "id": "0f7e75a8-0b94-4254-b0f1-d3f616ad732d",
    "data": [
      {
        "text": "A contact tracer told me I\u0027ve been exposed.",
        "userDefined": false
      }
    ],
    "isTemplate": false,
    "count": 0,
    "lang": "en",
    "updated": 0
  },
  {
    "id": "c28a5569-50f2-4db4-ac5c-63e4541e6864",
    "data": [
      {
        "text": "What if someone in my house has it?",
        "userDefined": false
      }
    ],
    "isTemplate": false,
    "count": 0,
    "lang": "en",
    "updated": 0
  },
  {
    "id": "9a0b0213-0ac0-48d7-a243-9ebd583b1ede",
    "data": [
      {
        "text": "What if my husband has it?",
        "userDefined": false
      }
    ],
    "isTemplate": false,
    "count": 0,
    "lang": "en",
    "updated": 0
  },
  {
    "id": "976da39f-d0e0-4f2d-9489-78fb80585d88",
    "data": [
      {
        "text": "What if I\u0027ve had close contact with someone who has the coronavirus",
        "userDefined": false
      }
    ],
    "isTemplate": false,
    "count": 0,
    "lang": "en",
    "updated": 0
  },
  {
    "id": "24d5e458-680d-4c25-a0ca-5552c3f49fcc",
    "data": [
      {
        "text": "What do I do if I\u0027ve been exposed to COVID-19",
        "userDefined": false
      }
    ],
    "isTemplate": false,
    "count": 0,
    "lang": "en",
    "updated": 0
  }
]