[
  {
    "id": "e5c4c360-5c50-418a-9ebc-afc18f413306",
    "data": [
      {
        "text": "what should I do if I think I might have COVID-19?",
        "userDefined": false
      }
    ],
    "isTemplate": false,
    "count": 0,
    "lang": "en",
    "updated": 0
  },
  {
    "id": "2aaf9948-5903-4080-8406-3bd044de402d",
    "data": [
      {
        "text": "What if I\u0027m sick?",
        "userDefined": false
      }
    ],
    "isTemplate": false,
    "count": 0,
    "lang": "en",
    "updated": 0
  },
  {
    "id": "b858a6f0-00d5-47f3-9e96-cd544be5a4aa",
    "data": [
      {
        "text": "What do I do if I have COVID?",
        "userDefined": false
      }
    ],
    "isTemplate": false,
    "count": 0,
    "lang": "en",
    "updated": 0
  },
  {
    "id": "9cacadd5-0241-4f35-a784-7bce9b35902c",
    "data": [
      {
        "text": "I think I have it",
        "userDefined": false
      }
    ],
    "isTemplate": false,
    "count": 0,
    "lang": "en",
    "updated": 0
  },
  {
    "id": "2586ea74-19db-4f39-825a-a5796b5ae34a",
    "data": [
      {
        "text": "I think I\u0027m sick",
        "userDefined": false
      }
    ],
    "isTemplate": false,
    "count": 0,
    "lang": "en",
    "updated": 0
  },
  {
    "id": "c0efc0ef-360d-49ee-ad18-0e6d6eb0fe39",
    "data": [
      {
        "text": "If I\u0027m sick, how long do I have to isolate?",
        "userDefined": false
      }
    ],
    "isTemplate": false,
    "count": 0,
    "lang": "en",
    "updated": 0
  },
  {
    "id": "9708afa2-55b1-4626-90a6-71e60055881f",
    "data": [
      {
        "text": "what to do if sick?",
        "userDefined": false
      }
    ],
    "isTemplate": false,
    "count": 0,
    "lang": "en",
    "updated": 0
  },
  {
    "id": "95c15d47-40c4-4f67-be49-6832b135bc13",
    "data": [
      {
        "text": "What should I do if I\u0027m sick?",
        "userDefined": false
      }
    ],
    "isTemplate": false,
    "count": 0,
    "lang": "en",
    "updated": 0
  }
]