[
  {
    "id": "15ee3271-6759-4168-93b4-5e589873ef7e",
    "data": [
      {
        "text": "Can I get CoVid 19 a second time?",
        "userDefined": false
      }
    ],
    "isTemplate": false,
    "count": 0,
    "lang": "en",
    "updated": 0
  },
  {
    "id": "a1395960-3ae8-4f41-bce0-4f8b85d94e1e",
    "data": [
      {
        "text": "Can I get covid a 2nd time?",
        "userDefined": false
      }
    ],
    "isTemplate": false,
    "count": 0,
    "lang": "en",
    "updated": 0
  },
  {
    "id": "2b9b7194-c2fd-4dc4-8e2d-f01bc2ebc507",
    "data": [
      {
        "text": "can i get covid if i have already had it",
        "userDefined": false
      }
    ],
    "isTemplate": false,
    "count": 0,
    "lang": "en",
    "updated": 0
  },
  {
    "id": "425f2121-7289-4dc4-b1ce-cf3a46b975f7",
    "data": [
      {
        "text": "If I already had covid-19, am I immune?",
        "userDefined": false
      }
    ],
    "isTemplate": false,
    "count": 1,
    "lang": "en",
    "updated": 0
  },
  {
    "id": "b5cb6fda-82ce-4006-9039-eaccd3f61240",
    "data": [
      {
        "text": "I had it. Am I immune?",
        "userDefined": false
      }
    ],
    "isTemplate": false,
    "count": 0,
    "lang": "en",
    "updated": 0
  },
  {
    "id": "2b720c7d-2470-49d8-8658-89852eeae71a",
    "data": [
      {
        "text": "If I had it, can I get it again?",
        "userDefined": false
      }
    ],
    "isTemplate": false,
    "count": 0,
    "lang": "en",
    "updated": 0
  },
  {
    "id": "43a5afe2-9bf3-41c1-b5d9-42e83018b8d0",
    "data": [
      {
        "text": "Can you get coronavirus more than once?",
        "userDefined": false
      }
    ],
    "isTemplate": false,
    "count": 0,
    "lang": "en",
    "updated": 0
  },
  {
    "id": "d0f9004e-aabf-42f2-a8ce-b4897eb2f554",
    "data": [
      {
        "text": "If you get sick, can you get it again?",
        "userDefined": false
      }
    ],
    "isTemplate": false,
    "count": 0,
    "lang": "en",
    "updated": 0
  },
  {
    "id": "81afa6fc-f74c-4b94-b508-323fa59c6c5a",
    "data": [
      {
        "text": "If you get sick, do you have immunity to COVID-19?",
        "userDefined": false
      }
    ],
    "isTemplate": false,
    "count": 0,
    "lang": "en",
    "updated": 0
  }
]