[
  {
    "data": [
      {
        "text": "Did I have the coronavirus in ",
        "userDefined": false
      },
      {
        "text": "January",
        "meta": "@sys.date-period",
        "alias": "date-period",
        "userDefined": false
      },
      {
        "text": "?",
        "userDefined": false
      }
    ],
    "isTemplate": false,
    "count": 0,
    "lang": "en",
    "updated": 0
  },
  {
    "data": [
      {
        "text": "I was sick in ",
        "userDefined": false
      },
      {
        "text": "February",
        "meta": "@sys.date-period",
        "alias": "date-period",
        "userDefined": false
      },
      {
        "text": ", can I tell if it was COVID?",
        "userDefined": false
      }
    ],
    "isTemplate": false,
    "count": 0,
    "lang": "en",
    "updated": 0
  },
  {
    "data": [
      {
        "text": "I had a ",
        "userDefined": false
      },
      {
        "text": "cough",
        "meta": "@symptoms",
        "alias": "symptoms",
        "userDefined": false
      },
      {
        "text": " in ",
        "userDefined": false
      },
      {
        "text": "January",
        "meta": "@sys.date-period",
        "alias": "date-period",
        "userDefined": false
      },
      {
        "text": ", was it COVID?",
        "userDefined": false
      }
    ],
    "isTemplate": false,
    "count": 0,
    "lang": "en",
    "updated": 0
  }
]