[
  {
    "id": "d695c9d4-97f0-4475-a5c9-db3af7e2694f",
    "data": [
      {
        "text": "can I get it from touching an elevator button",
        "userDefined": false
      }
    ],
    "isTemplate": false,
    "count": 0,
    "lang": "en",
    "updated": 0
  },
  {
    "id": "bde6f2b2-412e-4fc3-83f5-e07fa527c947",
    "data": [
      {
        "text": "Can you catch covid on surfaces?",
        "userDefined": false
      }
    ],
    "isTemplate": false,
    "count": 0,
    "lang": "en",
    "updated": 0
  },
  {
    "id": "08dfd853-2f57-4f9b-b405-22904cb6c8e4",
    "data": [
      {
        "text": "Is surface transmission possible?",
        "userDefined": false
      }
    ],
    "isTemplate": false,
    "count": 0,
    "lang": "en",
    "updated": 0
  },
  {
    "id": "72edf4e3-5e7b-4917-abc6-4e1b403e9f83",
    "data": [
      {
        "text": "Can I catch covid by touching a door knob?",
        "userDefined": false
      }
    ],
    "isTemplate": false,
    "count": 0,
    "lang": "en",
    "updated": 0
  },
  {
    "id": "5ee5cc85-813c-444a-aa1c-59ab77f92fd9",
    "data": [
      {
        "text": "Can I get covid from drinking after someone?",
        "userDefined": false
      }
    ],
    "isTemplate": false,
    "count": 0,
    "lang": "en",
    "updated": 0
  },
  {
    "id": "16523d02-7fe8-4007-af2d-ece7d0c40144",
    "data": [
      {
        "text": "How long can it live on things?",
        "userDefined": false
      }
    ],
    "isTemplate": false,
    "count": 0,
    "lang": "en",
    "updated": 0
  },
  {
    "id": "5c9f8397-8b69-4307-9e92-796ca33eaaf1",
    "data": [
      {
        "text": "How long does it last on objects?",
        "userDefined": false
      }
    ],
    "isTemplate": false,
    "count": 0,
    "lang": "en",
    "updated": 0
  },
  {
    "id": "11e98ff2-1424-4637-a12a-73ec2032d00c",
    "data": [
      {
        "text": "Can it live on objects?",
        "userDefined": false
      }
    ],
    "isTemplate": false,
    "count": 0,
    "lang": "en",
    "updated": 0
  },
  {
    "id": "ecb31cc4-9c52-4d53-ac83-40e9d49e7ee5",
    "data": [
      {
        "text": "How long does coronavirus live on surfaces?",
        "userDefined": false
      }
    ],
    "isTemplate": false,
    "count": 0,
    "lang": "en",
    "updated": 0
  }
]