[
  {
    "id": "a21406fd-77d4-44b2-b957-2757417571ac",
    "data": [
      {
        "text": "when will lockdown end",
        "userDefined": false
      }
    ],
    "isTemplate": false,
    "count": 3,
    "lang": "en",
    "updated": 0
  },
  {
    "id": "23fccf27-1739-4a03-81b1-250d25a5dfa0",
    "data": [
      {
        "text": "is lockdown over",
        "userDefined": false
      }
    ],
    "isTemplate": false,
    "count": 1,
    "lang": "en",
    "updated": 0
  },
  {
    "id": "829f0cae-8c21-4d76-8dfb-3678b5feea46",
    "data": [
      {
        "text": "when is lockdown over",
        "userDefined": false
      }
    ],
    "isTemplate": false,
    "count": 1,
    "lang": "en",
    "updated": 0
  },
  {
    "id": "f9f5a493-fb06-42d9-9e65-8089a5fed096",
    "data": [
      {
        "text": "when will stay at home end",
        "userDefined": false
      }
    ],
    "isTemplate": false,
    "count": 0,
    "lang": "en",
    "updated": 0
  },
  {
    "id": "6f196dc7-76c7-4f97-927c-c5090db8ece5",
    "data": [
      {
        "text": "when can i go out again",
        "userDefined": false
      }
    ],
    "isTemplate": false,
    "count": 0,
    "lang": "en",
    "updated": 0
  },
  {
    "id": "fb39ee73-f237-451c-9bad-ea3fbfa97ee0",
    "data": [
      {
        "text": "Is lockdown over?",
        "userDefined": false
      }
    ],
    "isTemplate": false,
    "count": 0,
    "lang": "en",
    "updated": 0
  },
  {
    "id": "8bf1036c-7e33-4c85-b754-8fd0227a63c1",
    "data": [
      {
        "text": "Is the stay at home order lifted?",
        "userDefined": false
      }
    ],
    "isTemplate": false,
    "count": 0,
    "lang": "en",
    "updated": 0
  },
  {
    "id": "96e30d72-2970-42b3-a051-2f00d099e8bb",
    "data": [
      {
        "text": "When will the stay-at-home order be lifted?",
        "userDefined": false
      }
    ],
    "isTemplate": false,
    "count": 0,
    "lang": "en",
    "updated": 0
  },
  {
    "id": "6e88ca0f-a9d7-4705-ae5f-9cd22f2487ab",
    "data": [
      {
        "text": "When is lockdown over?",
        "userDefined": false
      }
    ],
    "isTemplate": false,
    "count": 0,
    "lang": "en",
    "updated": 0
  }
]