[
  {
    "id": "cd2c55bb-200f-4705-b7d2-0cf59e598328",
    "data": [
      {
        "text": "Do I need to wear a mask when I\u0027m walking in the park?",
        "userDefined": false
      }
    ],
    "isTemplate": false,
    "count": 0,
    "lang": "en",
    "updated": 0
  },
  {
    "id": "ea15f87f-d0d9-426d-b3e2-f417f3d3532e",
    "data": [
      {
        "text": "If I\u0027m exercising outside, do I need a mask?",
        "userDefined": false
      }
    ],
    "isTemplate": false,
    "count": 0,
    "lang": "en",
    "updated": 0
  },
  {
    "id": "74a63d5c-a7bc-4dce-b2e5-7fe87bd46868",
    "data": [
      {
        "text": "If I go to the park, should I wear a mask?",
        "userDefined": false
      }
    ],
    "isTemplate": false,
    "count": 0,
    "lang": "en",
    "updated": 0
  },
  {
    "id": "aeca84d6-10f9-45fc-b8f2-bec4c1b87c6c",
    "data": [
      {
        "text": "Should I wear a mask when I go for a walk?",
        "userDefined": false
      }
    ],
    "isTemplate": false,
    "count": 0,
    "lang": "en",
    "updated": 0
  },
  {
    "id": "73ff0607-08d9-41ec-8b6f-a15d17411992",
    "data": [
      {
        "text": "Do I need to wear a mask outside?",
        "userDefined": false
      }
    ],
    "isTemplate": false,
    "count": 0,
    "lang": "en",
    "updated": 0
  }
]