[
  {
    "id": "15d927d1-2305-4bd7-8f80-d52bc8a06b54",
    "data": [
      {
        "text": "i need transportation",
        "userDefined": false
      }
    ],
    "isTemplate": false,
    "count": 0,
    "lang": "en",
    "updated": 0
  },
  {
    "id": "d4270884-e3e8-4e16-a9b9-8ca0519dba99",
    "data": [
      {
        "text": "i need a ride",
        "userDefined": false
      }
    ],
    "isTemplate": false,
    "count": 3,
    "lang": "en",
    "updated": 0
  },
  {
    "id": "edfe71f7-d659-43e0-84c3-d85833bae2e4",
    "data": [
      {
        "text": "i need a ride to get a test",
        "userDefined": false
      }
    ],
    "isTemplate": false,
    "count": 0,
    "lang": "en",
    "updated": 0
  },
  {
    "id": "48bb09f4-a1ce-432e-8b6a-57c01e40b982",
    "data": [
      {
        "text": "I need a ride to get a test",
        "userDefined": false
      }
    ],
    "isTemplate": false,
    "count": 0,
    "lang": "en",
    "updated": 0
  },
  {
    "id": "8fbd502f-6033-4749-a14c-0ea85742023a",
    "data": [
      {
        "text": "I don\u0027t have a ride",
        "userDefined": false
      }
    ],
    "isTemplate": false,
    "count": 0,
    "lang": "en",
    "updated": 0
  },
  {
    "id": "83a6afc2-7a7c-4055-b9a3-ef5e4ec33811",
    "data": [
      {
        "text": "I need a ride to the doctor\u0027s office",
        "userDefined": false
      }
    ],
    "isTemplate": false,
    "count": 0,
    "lang": "en",
    "updated": 0
  },
  {
    "id": "d5389038-186e-47ef-a283-7b346859ff9b",
    "data": [
      {
        "text": "i need a ride to get tested",
        "userDefined": false
      }
    ],
    "isTemplate": false,
    "count": 0,
    "lang": "en",
    "updated": 0
  },
  {
    "id": "5c5fbdc8-0ca4-417c-a7f9-d19e3c90b406",
    "data": [
      {
        "text": "Can I get a ride to the test site?",
        "userDefined": false
      }
    ],
    "isTemplate": false,
    "count": 1,
    "lang": "en",
    "updated": 0
  },
  {
    "id": "32a4d94b-b06a-418f-ac41-7e47cb68e2d2",
    "data": [
      {
        "text": "I need someone to take me to get a test",
        "userDefined": false
      }
    ],
    "isTemplate": false,
    "count": 0,
    "lang": "en",
    "updated": 0
  },
  {
    "id": "530211b3-55d6-4851-9f3b-eaf2c81f736b",
    "data": [
      {
        "text": "I don\u0027t have a car",
        "userDefined": false
      }
    ],
    "isTemplate": false,
    "count": 0,
    "lang": "en",
    "updated": 0
  },
  {
    "id": "5ac26173-a08f-45bf-8c84-0721775b02e7",
    "data": [
      {
        "text": "I need transportation",
        "userDefined": false
      }
    ],
    "isTemplate": false,
    "count": 0,
    "lang": "en",
    "updated": 0
  },
  {
    "id": "9d0ce2b2-68ff-4fa8-9e18-263013cee1b4",
    "data": [
      {
        "text": "What if I\u0027m elderly and don\u0027t have transportation",
        "userDefined": false
      }
    ],
    "isTemplate": false,
    "count": 0,
    "lang": "en",
    "updated": 0
  }
]