[
  {
    "id": "44048bc5-8d36-463d-9c80-5a030f3c398b",
    "data": [
      {
        "text": "does nicotine stop it",
        "userDefined": false
      }
    ],
    "isTemplate": false,
    "count": 0,
    "lang": "en",
    "updated": 0
  },
  {
    "id": "d308d514-e476-4aa4-b88e-78a0ac66771e",
    "data": [
      {
        "text": "I smoke",
        "userDefined": false
      }
    ],
    "isTemplate": false,
    "count": 0,
    "lang": "en",
    "updated": 0
  },
  {
    "id": "976f6c0e-a5ed-441b-81c3-b11280aa31b9",
    "data": [
      {
        "text": "Does tobacco help COVID?",
        "userDefined": false
      }
    ],
    "isTemplate": false,
    "count": 0,
    "lang": "en",
    "updated": 0
  },
  {
    "id": "ec74a9dd-8d5b-44d5-86b5-55aa0de84038",
    "data": [
      {
        "text": "Do cigarettes stop the coronavirus?",
        "userDefined": false
      }
    ],
    "isTemplate": false,
    "count": 1,
    "lang": "en",
    "updated": 0
  },
  {
    "id": "3f2af59a-7426-4c1b-9386-1ea1aeada796",
    "data": [
      {
        "text": "Does smoking stop COVID?",
        "userDefined": false
      }
    ],
    "isTemplate": false,
    "count": 0,
    "lang": "en",
    "updated": 0
  },
  {
    "id": "519f7a64-4402-4fb4-a31f-dc74f6a29302",
    "data": [
      {
        "text": "Does nicotine stop it?",
        "userDefined": false
      }
    ],
    "isTemplate": false,
    "count": 0,
    "lang": "en",
    "updated": 0
  }
]