[
  {
    "id": "7ba149a9-ed16-4a32-8d57-da7dcd46f2b9",
    "data": [
      {
        "text": "Why doesn\u0027t Trump wear a mask?",
        "userDefined": false
      }
    ],
    "isTemplate": false,
    "count": 0,
    "lang": "en",
    "updated": 0
  },
  {
    "id": "63e691b8-e410-4668-bba1-ed8337458bd2",
    "data": [
      {
        "text": "You can\u0027t make me wear a mask",
        "userDefined": false
      }
    ],
    "isTemplate": false,
    "count": 0,
    "lang": "en",
    "updated": 0
  },
  {
    "id": "190370f0-c7a0-4683-be90-80286ddfa4da",
    "data": [
      {
        "text": "I will not wear a mask",
        "userDefined": false
      }
    ],
    "isTemplate": false,
    "count": 0,
    "lang": "en",
    "updated": 0
  },
  {
    "id": "6018bab5-0329-4f2b-a8dd-85a32d413317",
    "data": [
      {
        "text": "I won\u0027t wear a mask",
        "userDefined": false
      }
    ],
    "isTemplate": false,
    "count": 0,
    "lang": "en",
    "updated": 0
  },
  {
    "id": "c47e5e4f-08e8-4fff-b604-aac82d1250dd",
    "data": [
      {
        "text": "I refuse to wear a mask",
        "userDefined": false
      }
    ],
    "isTemplate": false,
    "count": 0,
    "lang": "en",
    "updated": 0
  }
]