[
  {
    "id": "a1a6c70e-5005-4e04-9e53-aac49cfd6f34",
    "data": [
      {
        "text": "I have asthma, am I more at risk?",
        "userDefined": false
      }
    ],
    "isTemplate": false,
    "count": 0,
    "lang": "en",
    "updated": 0
  },
  {
    "id": "155afac2-b711-487b-a1f6-0fc58a44586b",
    "data": [
      {
        "text": "Who is most at risk from COVID-19?",
        "userDefined": false
      }
    ],
    "isTemplate": false,
    "count": 0,
    "lang": "en",
    "updated": 0
  },
  {
    "id": "b344e53b-809b-4342-8194-313f0e8b4364",
    "data": [
      {
        "text": "Do only older people need to worry about coronavirus?",
        "userDefined": false
      }
    ],
    "isTemplate": false,
    "count": 0,
    "lang": "en",
    "updated": 0
  },
  {
    "id": "f3ae2285-067d-4294-aeff-46f230e9ab9f",
    "data": [
      {
        "text": "I heard only old people die of COVID?",
        "userDefined": false
      }
    ],
    "isTemplate": false,
    "count": 0,
    "lang": "en",
    "updated": 0
  },
  {
    "id": "bb30c239-a16e-4e29-8439-94b879addaef",
    "data": [
      {
        "text": "Can only older people get sick?",
        "userDefined": false
      }
    ],
    "isTemplate": false,
    "count": 0,
    "lang": "en",
    "updated": 0
  }
]