[
  {
    "id": "e2fcd0e1-a44b-4089-8140-efe98e3741f3",
    "data": [
      {
        "text": "Clay county",
        "meta": "@ContactHealthDept",
        "alias": "contacthealthdept",
        "userDefined": false
      }
    ],
    "isTemplate": false,
    "count": 0,
    "lang": "en",
    "updated": 0
  },
  {
    "id": "3bc209e9-f69f-4677-833a-0d4a7a59ba03",
    "data": [
      {
        "text": "wyandotte",
        "meta": "@ContactHealthDept",
        "alias": "contacthealthdept",
        "userDefined": false
      }
    ],
    "isTemplate": false,
    "count": 0,
    "lang": "en",
    "updated": 0
  },
  {
    "id": "e4b44155-2bfa-484d-8dcc-9b1a303aef6b",
    "data": [
      {
        "text": "wyco",
        "meta": "@ContactHealthDept",
        "alias": "contacthealthdept",
        "userDefined": false
      }
    ],
    "isTemplate": false,
    "count": 0,
    "lang": "en",
    "updated": 0
  },
  {
    "id": "27da148c-5036-465a-b104-641d1697fb0f",
    "data": [
      {
        "text": "kck",
        "meta": "@ContactHealthDept",
        "alias": "contacthealthdept",
        "userDefined": false
      }
    ],
    "isTemplate": false,
    "count": 0,
    "lang": "en",
    "updated": 0
  },
  {
    "id": "004e5103-ae71-4f1a-9adb-45f01d7f41a2",
    "data": [
      {
        "text": "kcmo",
        "meta": "@ContactHealthDept",
        "alias": "contacthealthdept",
        "userDefined": false
      }
    ],
    "isTemplate": false,
    "count": 0,
    "lang": "en",
    "updated": 0
  },
  {
    "id": "e26d87bd-3379-492b-af9f-81ef6e15815f",
    "data": [
      {
        "text": "platte",
        "meta": "@ContactHealthDept",
        "alias": "contacthealthdept",
        "userDefined": false
      }
    ],
    "isTemplate": false,
    "count": 0,
    "lang": "en",
    "updated": 0
  },
  {
    "id": "4a5bae21-e204-4aec-938b-220dee5522a2",
    "data": [
      {
        "text": "cass",
        "meta": "@ContactHealthDept",
        "alias": "contacthealthdept",
        "userDefined": false
      }
    ],
    "isTemplate": false,
    "count": 0,
    "lang": "en",
    "updated": 0
  },
  {
    "id": "f14e8739-3ffb-4d2f-a925-dfb005fe6de0",
    "data": [
      {
        "text": "clay",
        "meta": "@ContactHealthDept",
        "alias": "contacthealthdept",
        "userDefined": false
      }
    ],
    "isTemplate": false,
    "count": 0,
    "lang": "en",
    "updated": 0
  },
  {
    "id": "439a154f-9d20-4784-b204-855b6e3f2279",
    "data": [
      {
        "text": "joco",
        "meta": "@ContactHealthDept",
        "alias": "contacthealthdept",
        "userDefined": false
      }
    ],
    "isTemplate": false,
    "count": 0,
    "lang": "en",
    "updated": 0
  },
  {
    "id": "10e306d7-556d-44a7-a1a1-5471d532e851",
    "data": [
      {
        "text": "Jackson County",
        "meta": "@ContactHealthDept",
        "alias": "contacthealthdept",
        "userDefined": false
      }
    ],
    "isTemplate": false,
    "count": 0,
    "lang": "en",
    "updated": 0
  }
]