[
  {
    "id": "fde621ed-fda8-49dc-be3b-e60dc4befefc",
    "data": [
      {
        "text": "What\u0027s open?",
        "userDefined": false
      }
    ],
    "isTemplate": false,
    "count": 0,
    "lang": "en",
    "updated": 0
  },
  {
    "id": "44f0a0c2-0699-4442-b6d1-070037fcaab3",
    "data": [
      {
        "text": "What are the guidelines that have been issued for my state?",
        "userDefined": false
      }
    ],
    "isTemplate": false,
    "count": 0,
    "lang": "en",
    "updated": 0
  },
  {
    "id": "e9e45578-2a6f-44b7-8e86-49d764d03fc6",
    "data": [
      {
        "text": "What are the guidelines for my county?",
        "userDefined": false
      }
    ],
    "isTemplate": false,
    "count": 0,
    "lang": "en",
    "updated": 0
  },
  {
    "id": "e6914a41-ae11-4ce5-9366-3866064a0fd3",
    "data": [
      {
        "text": "What are the guidelines for my city?",
        "userDefined": false
      }
    ],
    "isTemplate": false,
    "count": 0,
    "lang": "en",
    "updated": 0
  },
  {
    "id": "f3aad348-177d-4dd7-932d-39e05800ae54",
    "data": [
      {
        "text": "What are the guidelines for my state?",
        "userDefined": false
      }
    ],
    "isTemplate": false,
    "count": 0,
    "lang": "en",
    "updated": 0
  },
  {
    "id": "43c0c027-bf14-4e20-881b-f415669c4511",
    "data": [
      {
        "text": "what is the plan for kck",
        "userDefined": false
      }
    ],
    "isTemplate": false,
    "count": 0,
    "lang": "en",
    "updated": 0
  },
  {
    "id": "b2c14ae6-7cba-40a0-aefa-1106278ad4e6",
    "data": [
      {
        "text": "what is the plan for jackson county",
        "userDefined": false
      }
    ],
    "isTemplate": false,
    "count": 0,
    "lang": "en",
    "updated": 0
  },
  {
    "id": "eb94b1ae-a9ba-4b3b-ab86-c2955790b4a8",
    "data": [
      {
        "text": "what is the kansas plan",
        "userDefined": false
      }
    ],
    "isTemplate": false,
    "count": 0,
    "lang": "en",
    "updated": 0
  },
  {
    "id": "d4d01664-5c22-4238-aeb5-22d29f9e4147",
    "data": [
      {
        "text": "What is the plan for kcmo",
        "userDefined": false
      }
    ],
    "isTemplate": false,
    "count": 0,
    "lang": "en",
    "updated": 0
  },
  {
    "id": "32f80ded-15f9-4e78-9eaf-41d134731126",
    "data": [
      {
        "text": "what are plans for my city",
        "userDefined": false
      }
    ],
    "isTemplate": false,
    "count": 0,
    "lang": "en",
    "updated": 0
  },
  {
    "id": "31dde4e2-5851-4f36-9f11-7850bd4dc173",
    "data": [
      {
        "text": "what are plans for my state",
        "userDefined": false
      }
    ],
    "isTemplate": false,
    "count": 0,
    "lang": "en",
    "updated": 0
  },
  {
    "id": "b9bd01b7-49fc-45b1-99b7-98e170c03163",
    "data": [
      {
        "text": "is kc open",
        "userDefined": false
      }
    ],
    "isTemplate": false,
    "count": 0,
    "lang": "en",
    "updated": 0
  },
  {
    "id": "cc02f9ab-68ae-46e2-8adc-89fb5370bac5",
    "data": [
      {
        "text": "Is KC open?",
        "userDefined": false
      }
    ],
    "isTemplate": false,
    "count": 0,
    "lang": "en",
    "updated": 0
  },
  {
    "id": "e055bd45-369b-499f-9c19-efb74b8c6dc2",
    "data": [
      {
        "text": "Re-opening",
        "userDefined": false
      }
    ],
    "isTemplate": false,
    "count": 0,
    "lang": "en",
    "updated": 0
  },
  {
    "id": "7f1bef7c-4793-4490-aff9-7d598cba2e9c",
    "data": [
      {
        "text": "Is KC re-opening?",
        "userDefined": false
      }
    ],
    "isTemplate": false,
    "count": 0,
    "lang": "en",
    "updated": 0
  },
  {
    "id": "102367e9-bae5-4d54-98f6-0cbed54b14da",
    "data": [
      {
        "text": "Is everything open?",
        "userDefined": false
      }
    ],
    "isTemplate": false,
    "count": 0,
    "lang": "en",
    "updated": 0
  },
  {
    "id": "0537930e-1027-4bc3-9209-16f0da44c9a4",
    "data": [
      {
        "text": "When is Kansas City reopening?",
        "userDefined": false
      }
    ],
    "isTemplate": false,
    "count": 0,
    "lang": "en",
    "updated": 0
  },
  {
    "id": "076c56f7-91ea-4ebd-af74-2a20f2559845",
    "data": [
      {
        "text": "Is Kansas City reopening?",
        "userDefined": false
      }
    ],
    "isTemplate": false,
    "count": 0,
    "lang": "en",
    "updated": 0
  },
  {
    "id": "05f9bb31-72a1-4c03-8c57-8f59e4212a3f",
    "data": [
      {
        "text": "Has KC reopened?",
        "userDefined": false
      }
    ],
    "isTemplate": false,
    "count": 0,
    "lang": "en",
    "updated": 0
  },
  {
    "id": "8c841e28-981a-4d18-a932-fd701f725aa6",
    "data": [
      {
        "text": "Are we reopening?",
        "userDefined": false
      }
    ],
    "isTemplate": false,
    "count": 0,
    "lang": "en",
    "updated": 0
  }
]