[
  {
    "id": "606b9c3c-6d65-4b1c-bf0a-c708e50d1b3e",
    "data": [
      {
        "text": "Will swimming pools open this summer?",
        "userDefined": false
      }
    ],
    "isTemplate": false,
    "count": 0,
    "lang": "en",
    "updated": 0
  },
  {
    "id": "ad3cb91c-6057-40a1-b9fe-7282654e2310",
    "data": [
      {
        "text": "Is swimming safe?",
        "userDefined": false
      }
    ],
    "isTemplate": false,
    "count": 0,
    "lang": "en",
    "updated": 0
  },
  {
    "id": "7ad239fc-97f5-49fb-b9d5-b00226f31f37",
    "data": [
      {
        "text": "Can I go swimming?",
        "userDefined": false
      }
    ],
    "isTemplate": false,
    "count": 0,
    "lang": "en",
    "updated": 0
  },
  {
    "id": "19c021be-c2f6-4a71-9d3a-f31d4c6700e6",
    "data": [
      {
        "text": "Is it safe to swim in the pool?",
        "userDefined": false
      }
    ],
    "isTemplate": false,
    "count": 0,
    "lang": "en",
    "updated": 0
  },
  {
    "id": "8837f61b-b01e-43af-971c-f33b57565f9a",
    "data": [
      {
        "text": "Does chlorine kill the virus?",
        "userDefined": false
      }
    ],
    "isTemplate": false,
    "count": 0,
    "lang": "en",
    "updated": 0
  },
  {
    "id": "e7b62f3a-5bf8-4958-a65f-695376acf7d0",
    "data": [
      {
        "text": "Does chlorine in the pool kill the coronavirus?",
        "userDefined": false
      }
    ],
    "isTemplate": false,
    "count": 0,
    "lang": "en",
    "updated": 0
  }
]