[
  {
    "id": "b9ade093-e3ea-4519-a36b-f4e4e0a1c36a",
    "data": [
      {
        "text": "what if i\u0027m pregnant",
        "userDefined": false
      }
    ],
    "isTemplate": false,
    "count": 0,
    "lang": "en",
    "updated": 0
  },
  {
    "id": "3b3a1847-feb2-401d-a309-9582c81d06c7",
    "data": [
      {
        "text": "If I\u0027m pregnant, do I have increased risk of COVID?",
        "userDefined": false
      }
    ],
    "isTemplate": false,
    "count": 0,
    "lang": "en",
    "updated": 0
  },
  {
    "id": "c27accea-41bf-4c15-b633-ce29405dd730",
    "data": [
      {
        "text": "should i worry if i\u0027m pregnant?",
        "userDefined": false
      }
    ],
    "isTemplate": false,
    "count": 0,
    "lang": "en",
    "updated": 0
  },
  {
    "id": "77bd61d4-43c3-4a6a-8cf3-3b1f99aa49bf",
    "data": [
      {
        "text": "I\u0027m pregnant, do I have increased risk?",
        "userDefined": false
      }
    ],
    "isTemplate": false,
    "count": 0,
    "lang": "en",
    "updated": 0
  }
]