[
  {
    "id": "600817aa-cb83-4c4b-b15f-0d8c3e92bfcb",
    "data": [
      {
        "text": "what is the most promising drug",
        "userDefined": false
      }
    ],
    "isTemplate": false,
    "count": 0,
    "lang": "en",
    "updated": 0
  },
  {
    "id": "5e925724-b123-4864-9e21-0c41d3b4a044",
    "data": [
      {
        "text": "What drugs are being developed to fight COVID?",
        "userDefined": false
      }
    ],
    "isTemplate": false,
    "count": 0,
    "lang": "en",
    "updated": 0
  },
  {
    "id": "7327150e-92df-4e05-b38b-7f0b5f5cb2c9",
    "data": [
      {
        "text": "What treatments are being tested?",
        "userDefined": false
      }
    ],
    "isTemplate": false,
    "count": 0,
    "lang": "en",
    "updated": 0
  },
  {
    "id": "d99612cc-9b26-41e0-8d41-522dd1418520",
    "data": [
      {
        "text": "Are there any treatments?",
        "userDefined": false
      }
    ],
    "isTemplate": false,
    "count": 0,
    "lang": "en",
    "updated": 0
  },
  {
    "id": "771a79ef-595c-40b0-a640-98e5ddd24f9d",
    "data": [
      {
        "text": "Are there any promising drugs?",
        "userDefined": false
      }
    ],
    "isTemplate": false,
    "count": 0,
    "lang": "en",
    "updated": 0
  },
  {
    "id": "61a76a22-6089-45db-aaef-9dcb525c577e",
    "data": [
      {
        "text": "What is the most promising treatment?",
        "userDefined": false
      }
    ],
    "isTemplate": false,
    "count": 0,
    "lang": "en",
    "updated": 0
  }
]