[
  {
    "id": "701982a5-392f-4e1a-b72a-d75de1f344da",
    "data": [
      {
        "text": "What can I do to prevent contracting COVID?",
        "userDefined": false
      }
    ],
    "isTemplate": false,
    "count": 0,
    "lang": "en",
    "updated": 0
  },
  {
    "id": "a1d47658-47a0-4dbe-9dc3-c8c5c698dc64",
    "data": [
      {
        "text": "how can I stay safe",
        "userDefined": false
      }
    ],
    "isTemplate": false,
    "count": 0,
    "lang": "en",
    "updated": 0
  },
  {
    "id": "b9b1360f-ec7d-41b2-b96b-dc1be6c8a93c",
    "data": [
      {
        "text": "what precautions should i take",
        "userDefined": false
      }
    ],
    "isTemplate": false,
    "count": 0,
    "lang": "en",
    "updated": 0
  },
  {
    "id": "9cf142e1-3035-4ccf-a98f-45f205245a7c",
    "data": [
      {
        "text": "Yes. What should I be doing?",
        "userDefined": false
      }
    ],
    "isTemplate": false,
    "count": 0,
    "lang": "en",
    "updated": 0
  },
  {
    "id": "dd4c2de3-feea-41d6-8f99-2695eb74de1b",
    "data": [
      {
        "text": "What steps should I be taking to keep my family safe?",
        "userDefined": false
      }
    ],
    "isTemplate": false,
    "count": 0,
    "lang": "en",
    "updated": 0
  },
  {
    "id": "9a555777-461b-41ca-9754-d12af2ca52ba",
    "data": [
      {
        "text": "What should I do?",
        "userDefined": false
      }
    ],
    "isTemplate": false,
    "count": 0,
    "lang": "en",
    "updated": 0
  },
  {
    "id": "5f9a8ee2-2e09-4389-b805-70fd70c696bd",
    "data": [
      {
        "text": "What can I do?",
        "userDefined": false
      }
    ],
    "isTemplate": false,
    "count": 0,
    "lang": "en",
    "updated": 0
  },
  {
    "id": "8fde0fa0-015c-4d80-ab03-ec6dffef51ea",
    "data": [
      {
        "text": "How can I protect my family?",
        "userDefined": false
      }
    ],
    "isTemplate": false,
    "count": 0,
    "lang": "en",
    "updated": 0
  },
  {
    "id": "8f08702d-16f6-4ee1-b686-f021d36a39f4",
    "data": [
      {
        "text": "How can I protect myself?",
        "userDefined": false
      }
    ],
    "isTemplate": false,
    "count": 0,
    "lang": "en",
    "updated": 0
  },
  {
    "id": "90ca6332-7df5-400b-bb2e-8a5ad2c88736",
    "data": [
      {
        "text": "What can I do to protect myself?",
        "userDefined": false
      }
    ],
    "isTemplate": false,
    "count": 0,
    "lang": "en",
    "updated": 0
  }
]