[
  {
    "id": "06fe4e3c-16e7-4fec-a967-42b0c62abeb3",
    "data": [
      {
        "text": "are cases trending down",
        "userDefined": false
      }
    ],
    "isTemplate": false,
    "count": 1,
    "lang": "en",
    "updated": 0
  },
  {
    "id": "4d5e4af1-7e76-4301-a8f2-7dcb9f674139",
    "data": [
      {
        "text": "Have all of the surrounding areas peaked?",
        "userDefined": false
      }
    ],
    "isTemplate": false,
    "count": 0,
    "lang": "en",
    "updated": 0
  },
  {
    "id": "d041da5c-870b-4b1f-8b29-b04b9e5f378e",
    "data": [
      {
        "text": "When did we hit the peak of cases?",
        "userDefined": false
      }
    ],
    "isTemplate": false,
    "count": 0,
    "lang": "en",
    "updated": 0
  },
  {
    "id": "af0cea4d-418e-4b0b-bfa3-7a8cf1b06ba7",
    "data": [
      {
        "text": "Have we passed the peak of COVID cases?",
        "userDefined": false
      }
    ],
    "isTemplate": false,
    "count": 0,
    "lang": "en",
    "updated": 0
  },
  {
    "id": "c743ca7b-3520-4f9c-80fb-9ba680b4bee1",
    "data": [
      {
        "text": "Are we at the peak?",
        "userDefined": false
      }
    ],
    "isTemplate": false,
    "count": 0,
    "lang": "en",
    "updated": 0
  },
  {
    "id": "3e3d025e-e86e-4ca1-a751-05702aaf2305",
    "data": [
      {
        "text": "Have we reached the peak of cases in ",
        "userDefined": false
      },
      {
        "text": "Kansas City",
        "meta": "@sys.geo-city",
        "alias": "geo-city",
        "userDefined": false
      },
      {
        "text": "?",
        "userDefined": false
      }
    ],
    "isTemplate": false,
    "count": 0,
    "lang": "en",
    "updated": 0
  }
]