[
  {
    "id": "433a3da0-0fa6-4edb-8e31-d46727f054d3",
    "data": [
      {
        "text": "How dangerous is it to go to a restaurant right now?",
        "userDefined": false
      }
    ],
    "isTemplate": false,
    "count": 0,
    "lang": "en",
    "updated": 0
  },
  {
    "id": "6290aea2-deb1-4bed-9996-6a8344548564",
    "data": [
      {
        "text": "Are bars open?",
        "userDefined": false
      }
    ],
    "isTemplate": false,
    "count": 0,
    "lang": "en",
    "updated": 0
  },
  {
    "id": "4413d48b-5666-46ff-b79c-7288b0a5feea",
    "data": [
      {
        "text": "when can I go eat at a restaurant?",
        "userDefined": false
      }
    ],
    "isTemplate": false,
    "count": 0,
    "lang": "en",
    "updated": 0
  },
  {
    "id": "232e756e-8020-4e6d-8d41-fd480b4d9852",
    "data": [
      {
        "text": "When can I go to a restaurant?",
        "userDefined": false
      }
    ],
    "isTemplate": false,
    "count": 0,
    "lang": "en",
    "updated": 0
  },
  {
    "id": "cfa2cfdb-64c8-4126-bf63-c8098a277be1",
    "data": [
      {
        "text": "Should I hit the club",
        "userDefined": false
      }
    ],
    "isTemplate": false,
    "count": 0,
    "lang": "en",
    "updated": 0
  },
  {
    "id": "a1bff27a-7b56-4acd-8281-c8977e57d667",
    "data": [
      {
        "text": "Can I go clubbing",
        "userDefined": false
      }
    ],
    "isTemplate": false,
    "count": 0,
    "lang": "en",
    "updated": 0
  },
  {
    "id": "8bbfaa8e-d7f9-438e-8f55-1f9a1302f5e9",
    "data": [
      {
        "text": "Can I meet my friends at a bar?",
        "userDefined": false
      }
    ],
    "isTemplate": false,
    "count": 0,
    "lang": "en",
    "updated": 0
  },
  {
    "id": "00ab8b50-866e-488b-b144-33f5ccb05040",
    "data": [
      {
        "text": "Is it safe to go out to a bar?",
        "userDefined": false
      }
    ],
    "isTemplate": false,
    "count": 0,
    "lang": "en",
    "updated": 0
  },
  {
    "id": "357ed0cf-2beb-40ec-9a26-6b5af2e4a14e",
    "data": [
      {
        "text": "Can I go to a bar?",
        "userDefined": false
      }
    ],
    "isTemplate": false,
    "count": 0,
    "lang": "en",
    "updated": 0
  },
  {
    "id": "0ca45dd7-e1bc-4cdd-b566-64988c9cd459",
    "data": [
      {
        "text": "Is it safe to eat out?",
        "userDefined": false
      }
    ],
    "isTemplate": false,
    "count": 0,
    "lang": "en",
    "updated": 0
  },
  {
    "id": "d234179a-6d9e-439a-9905-e073af1794de",
    "data": [
      {
        "text": "Can I go out to eat?",
        "userDefined": false
      }
    ],
    "isTemplate": false,
    "count": 0,
    "lang": "en",
    "updated": 0
  },
  {
    "id": "26e38705-fee6-406b-b5ed-97605e3e55bb",
    "data": [
      {
        "text": "When can I go to a restaurant",
        "userDefined": false
      }
    ],
    "isTemplate": false,
    "count": 0,
    "lang": "en",
    "updated": 0
  },
  {
    "id": "76cee016-ca01-4196-b6a7-909527d29877",
    "data": [
      {
        "text": "is it safe to eat at a restaurant",
        "userDefined": false
      }
    ],
    "isTemplate": false,
    "count": 0,
    "lang": "en",
    "updated": 0
  },
  {
    "id": "d32406d6-0187-490d-b697-8dfae96a340f",
    "data": [
      {
        "text": "Can I go to a restaurant",
        "userDefined": false
      }
    ],
    "isTemplate": false,
    "count": 0,
    "lang": "en",
    "updated": 0
  }
]