[
  {
    "id": "7a9c0574-d3df-4708-a608-6fea06673739",
    "data": [
      {
        "text": "Should I go work from home today?",
        "userDefined": false
      }
    ],
    "isTemplate": false,
    "count": 0,
    "lang": "en",
    "updated": 0
  },
  {
    "id": "50a3fa0d-9b77-4ea2-bafe-2aed80c64257",
    "data": [
      {
        "text": "Is it OK to go to work?",
        "userDefined": false
      }
    ],
    "isTemplate": false,
    "count": 0,
    "lang": "en",
    "updated": 0
  },
  {
    "id": "85c5b8d6-d273-49e0-b947-55132bb654e8",
    "data": [
      {
        "text": "Is it safe to go to work?",
        "userDefined": false
      }
    ],
    "isTemplate": false,
    "count": 0,
    "lang": "en",
    "updated": 0
  }
]