[
  {
    "id": "42347d42-c774-4f81-b2a2-be0e1ba7eff0",
    "data": [
      {
        "text": "when can I go outside",
        "userDefined": false
      }
    ],
    "isTemplate": false,
    "count": 0,
    "lang": "en",
    "updated": 0
  },
  {
    "id": "1b10bebb-c516-4589-86b4-0f14f160b462",
    "data": [
      {
        "text": "Is it OK to go outside?",
        "userDefined": false
      }
    ],
    "isTemplate": false,
    "count": 0,
    "lang": "en",
    "updated": 0
  },
  {
    "id": "f7ee3b90-9458-4c35-a691-606e915c10c9",
    "data": [
      {
        "text": "Is it safe to go outside?",
        "userDefined": false
      }
    ],
    "isTemplate": false,
    "count": 0,
    "lang": "en",
    "updated": 0
  }
]