[
  {
    "id": "6f359c86-ccee-413d-ae6d-4fd0fe64151c",
    "data": [
      {
        "text": "Is it safe for my kids to sleep over with at a friend\u0027s house?",
        "userDefined": false
      }
    ],
    "isTemplate": false,
    "count": 0,
    "lang": "en",
    "updated": 0
  },
  {
    "id": "090e0343-1df1-4fb9-bc3d-7b93b2f76890",
    "data": [
      {
        "text": "How can I help keep my kids safe and entertained?",
        "userDefined": false
      }
    ],
    "isTemplate": false,
    "count": 0,
    "lang": "en",
    "updated": 0
  },
  {
    "id": "3e1d7d3c-256f-4305-8094-363353a72dfb",
    "data": [
      {
        "text": "My kids are going crazy. What should they do?",
        "userDefined": false
      }
    ],
    "isTemplate": false,
    "count": 0,
    "lang": "en",
    "updated": 0
  },
  {
    "id": "28b5b3a7-efe8-496d-b890-eda116a7ed1c",
    "data": [
      {
        "text": "What are some safe things to do with my kids?",
        "userDefined": false
      }
    ],
    "isTemplate": false,
    "count": 0,
    "lang": "en",
    "updated": 0
  }
]