[
  {
    "id": "53e253e0-4c2e-4716-bead-fc8efa1c8531",
    "data": [
      {
        "text": "i don\u0027t feel safe at work",
        "userDefined": false
      }
    ],
    "isTemplate": false,
    "count": 0,
    "lang": "en",
    "updated": 0
  },
  {
    "id": "a9beeb17-bcb1-4a84-a3b5-3c1d9bf8c1ff",
    "data": [
      {
        "text": "What if I\u0027m scared to work",
        "userDefined": false
      }
    ],
    "isTemplate": false,
    "count": 0,
    "lang": "en",
    "updated": 0
  },
  {
    "id": "6d6ec244-8221-42de-a89d-016347441979",
    "data": [
      {
        "text": "It\u0027s not safe at work",
        "userDefined": false
      }
    ],
    "isTemplate": false,
    "count": 0,
    "lang": "en",
    "updated": 0
  },
  {
    "id": "54eb26b7-64c8-49aa-a4fd-fb5ed0ee4f69",
    "data": [
      {
        "text": "Work isn\u0027t safe",
        "userDefined": false
      }
    ],
    "isTemplate": false,
    "count": 0,
    "lang": "en",
    "updated": 0
  },
  {
    "id": "9f286ef6-3349-4a4c-bcd1-90e52143fceb",
    "data": [
      {
        "text": "I don\u0027t feel safe at work?",
        "userDefined": false
      }
    ],
    "isTemplate": false,
    "count": 1,
    "lang": "en",
    "updated": 0
  },
  {
    "id": "e30b4b2e-d263-4f76-9dfb-16b57bb23a15",
    "data": [
      {
        "text": "Should I work from home?",
        "userDefined": false
      }
    ],
    "isTemplate": false,
    "count": 0,
    "lang": "en",
    "updated": 0
  },
  {
    "id": "7a8f6788-a65f-4090-bbd0-a730dce36283",
    "data": [
      {
        "text": "Can I refuse to work?",
        "userDefined": false
      }
    ],
    "isTemplate": false,
    "count": 0,
    "lang": "en",
    "updated": 0
  }
]