[
  {
    "id": "1495665d-4b8e-42a1-b56f-262d334e70f6",
    "data": [
      {
        "text": "will school be in session in the fall",
        "userDefined": false
      }
    ],
    "isTemplate": false,
    "count": 0,
    "lang": "en",
    "updated": 0
  },
  {
    "id": "de37a231-f9e2-4727-b535-98957b8a1d9c",
    "data": [
      {
        "text": "What will happen to schools ",
        "userDefined": false
      },
      {
        "text": "next year",
        "meta": "@sys.date-period",
        "alias": "date-period",
        "userDefined": false
      },
      {
        "text": "?",
        "userDefined": false
      }
    ],
    "isTemplate": false,
    "count": 0,
    "lang": "en",
    "updated": 0
  },
  {
    "id": "5213fde1-869f-4f70-998d-25992850f85d",
    "data": [
      {
        "text": "Will schools open in the Fall?",
        "userDefined": false
      }
    ],
    "isTemplate": false,
    "count": 0,
    "lang": "en",
    "updated": 0
  },
  {
    "id": "29f86ecb-44ab-4f37-939f-7c436c24f240",
    "data": [
      {
        "text": "Will schools be open in the Summer?",
        "userDefined": false
      }
    ],
    "isTemplate": false,
    "count": 0,
    "lang": "en",
    "updated": 0
  },
  {
    "id": "cfa0b4d1-ea54-4e0a-8ed9-3a2946c3f72d",
    "data": [
      {
        "text": "When will schools reopen",
        "userDefined": false
      }
    ],
    "isTemplate": false,
    "count": 0,
    "lang": "en",
    "updated": 0
  }
]