[
  {
    "id": "c16a914f-54f2-4882-bb74-6cd4ffda3cc3",
    "data": [
      {
        "text": "do i have to quarantine?",
        "userDefined": false
      }
    ],
    "isTemplate": false,
    "count": 0,
    "lang": "en",
    "updated": 0
  },
  {
    "id": "e6aaf899-b5cf-4df7-858b-edff4f122d27",
    "data": [
      {
        "text": "Do I have to quarantine?",
        "userDefined": false
      }
    ],
    "isTemplate": false,
    "count": 0,
    "lang": "en",
    "updated": 0
  },
  {
    "id": "e4e7a983-2823-4196-b3e9-fbece357856c",
    "data": [
      {
        "text": "Who should quarantine?",
        "userDefined": false
      }
    ],
    "isTemplate": false,
    "count": 0,
    "lang": "en",
    "updated": 0
  },
  {
    "id": "da8c9319-e151-4155-8401-3455bf369385",
    "data": [
      {
        "text": "When should I quarantine?",
        "userDefined": false
      }
    ],
    "isTemplate": false,
    "count": 0,
    "lang": "en",
    "updated": 0
  },
  {
    "id": "2a92fc30-2127-46bf-9956-e05f2218bcba",
    "data": [
      {
        "text": "Should I quarantine?",
        "userDefined": false
      }
    ],
    "isTemplate": false,
    "count": 0,
    "lang": "en",
    "updated": 0
  }
]