[
  {
    "id": "eed65024-9e9c-4312-9367-778d8d0838be",
    "data": [
      {
        "text": "are there more suicides from isolation",
        "userDefined": false
      }
    ],
    "isTemplate": false,
    "count": 0,
    "lang": "en",
    "updated": 0
  },
  {
    "id": "45f27024-6868-4208-87ee-edde39c5d5be",
    "data": [
      {
        "text": "How much has the suicide rate gone up?",
        "userDefined": false
      }
    ],
    "isTemplate": false,
    "count": 0,
    "lang": "en",
    "updated": 0
  },
  {
    "id": "cdf70bba-0d3a-43db-9cbf-724ffccac7c9",
    "data": [
      {
        "text": "have there been more suicides?",
        "userDefined": false
      }
    ],
    "isTemplate": false,
    "count": 0,
    "lang": "en",
    "updated": 0
  },
  {
    "id": "51ad3662-1320-4df7-aac2-9201a2b0fefe",
    "data": [
      {
        "text": "Has the suicide rate gone up?",
        "userDefined": false
      }
    ],
    "isTemplate": false,
    "count": 0,
    "lang": "en",
    "updated": 0
  },
  {
    "id": "fbe7a9fe-4199-48de-9fbd-caf7774f1a96",
    "data": [
      {
        "text": "Have stay-at-home orders increased the suicide rate?",
        "userDefined": false
      }
    ],
    "isTemplate": false,
    "count": 0,
    "lang": "en",
    "updated": 0
  },
  {
    "id": "14c30faa-cd07-4767-903b-ac61a4d1ed47",
    "data": [
      {
        "text": "Has there been an increase in suicides from isolation?",
        "userDefined": false
      }
    ],
    "isTemplate": false,
    "count": 0,
    "lang": "en",
    "updated": 0
  },
  {
    "id": "91cc3e25-7567-49c5-8454-2bb6ec032c72",
    "data": [
      {
        "text": "Are there more suicides?",
        "userDefined": false
      }
    ],
    "isTemplate": false,
    "count": 0,
    "lang": "en",
    "updated": 0
  }
]