[
  {
    "data": [
      {
        "text": "Can my kids go to summer camp?",
        "userDefined": false
      }
    ],
    "isTemplate": false,
    "count": 0,
    "lang": "en",
    "updated": 0
  },
  {
    "data": [
      {
        "text": "Can I send my kids to summer camp?",
        "userDefined": false
      }
    ],
    "isTemplate": false,
    "count": 0,
    "lang": "en",
    "updated": 0
  },
  {
    "data": [
      {
        "text": "Are there any summer camps open?",
        "userDefined": false
      }
    ],
    "isTemplate": false,
    "count": 0,
    "lang": "en",
    "updated": 0
  },
  {
    "data": [
      {
        "text": "Will ",
        "userDefined": false
      },
      {
        "text": "summer",
        "meta": "@sys.date-period",
        "alias": "date-period",
        "userDefined": false
      },
      {
        "text": " camps be open?",
        "userDefined": false
      }
    ],
    "isTemplate": false,
    "count": 0,
    "lang": "en",
    "updated": 0
  }
]