[
  {
    "id": "65972d91-a728-4bbb-84be-3876b70190df",
    "data": [
      {
        "text": "platte",
        "meta": "@ContactHealthDept",
        "alias": "kclocation",
        "userDefined": true
      }
    ],
    "isTemplate": false,
    "count": 1,
    "lang": "en",
    "updated": 0
  },
  {
    "id": "3d0ef0df-7e8f-41e6-870d-127038520228",
    "data": [
      {
        "text": "wyco",
        "meta": "@ContactHealthDept",
        "alias": "kclocation",
        "userDefined": true
      }
    ],
    "isTemplate": false,
    "count": 0,
    "lang": "en",
    "updated": 0
  },
  {
    "id": "2d3808e5-e481-41f4-83e5-a9be7146bbcf",
    "data": [
      {
        "text": "kcmo",
        "meta": "@ContactHealthDept",
        "alias": "kclocation",
        "userDefined": false
      }
    ],
    "isTemplate": false,
    "count": 0,
    "lang": "en",
    "updated": 0
  },
  {
    "id": "95c60bb2-b25c-4125-a5a4-09ab3689bd0f",
    "data": [
      {
        "text": "kansas city, mo",
        "meta": "@ContactHealthDept",
        "alias": "kclocation",
        "userDefined": true
      }
    ],
    "isTemplate": false,
    "count": 0,
    "lang": "en",
    "updated": 0
  },
  {
    "id": "991106d9-e7d0-4d8f-9979-6c15c63fbf6e",
    "data": [
      {
        "text": "kck",
        "meta": "@ContactHealthDept",
        "alias": "kclocation",
        "userDefined": false
      }
    ],
    "isTemplate": false,
    "count": 0,
    "lang": "en",
    "updated": 0
  },
  {
    "id": "782ebc65-46e0-45de-99a3-1c73cc8248f9",
    "data": [
      {
        "text": "platte county",
        "meta": "@ContactHealthDept",
        "alias": "kclocation",
        "userDefined": false
      }
    ],
    "isTemplate": false,
    "count": 0,
    "lang": "en",
    "updated": 0
  }
]