[
  {
    "id": "e1a625d5-a519-4e07-9b32-6cb19f7ed214",
    "data": [
      {
        "text": "can i talk to a human",
        "userDefined": false
      }
    ],
    "isTemplate": false,
    "count": 1,
    "lang": "en",
    "updated": 0
  },
  {
    "id": "25e711ab-874a-4dcd-8164-d454508fe011",
    "data": [
      {
        "text": "can i talk to a real person?",
        "userDefined": false
      }
    ],
    "isTemplate": false,
    "count": 0,
    "lang": "en",
    "updated": 0
  },
  {
    "id": "cc66cb1a-bf2a-4eb3-9f82-daed8b5e7025",
    "data": [
      {
        "text": "i want to talk to a person",
        "userDefined": false
      }
    ],
    "isTemplate": false,
    "count": 0,
    "lang": "en",
    "updated": 0
  },
  {
    "id": "131fa156-5d47-435d-aecd-d1e400c210f8",
    "data": [
      {
        "text": "give me a human",
        "userDefined": false
      }
    ],
    "isTemplate": false,
    "count": 0,
    "lang": "en",
    "updated": 0
  },
  {
    "id": "91dea139-1bcc-4b72-b96c-fa7b406cb6b3",
    "data": [
      {
        "text": "can i talk to a person",
        "userDefined": false
      }
    ],
    "isTemplate": false,
    "count": 0,
    "lang": "en",
    "updated": 0
  },
  {
    "id": "861645b3-cfc2-4228-9f27-4548bf3f7240",
    "data": [
      {
        "text": "Can I talk to a human?",
        "userDefined": false
      }
    ],
    "isTemplate": false,
    "count": 0,
    "lang": "en",
    "updated": 0
  }
]