[
  {
    "id": "ec254f7a-f125-421e-8539-2ea5d7a1cdeb",
    "data": [
      {
        "text": "Can I travel to New Orleans?",
        "userDefined": false
      }
    ],
    "isTemplate": false,
    "count": 0,
    "lang": "en",
    "updated": 0
  },
  {
    "id": "09f23b8c-8c31-4805-a987-8e21802d17c3",
    "data": [
      {
        "text": "Can I get on a plane?",
        "userDefined": false
      }
    ],
    "isTemplate": false,
    "count": 0,
    "lang": "en",
    "updated": 0
  },
  {
    "id": "2dcae1a4-e2f3-4a03-a85e-da74da5a1e1f",
    "data": [
      {
        "text": "I am allowed to travel?",
        "userDefined": false
      }
    ],
    "isTemplate": false,
    "count": 0,
    "lang": "en",
    "updated": 0
  },
  {
    "id": "f85c6f6c-5484-47cc-bcda-7418a8ad90ff",
    "data": [
      {
        "text": "Is travel allowed?",
        "userDefined": false
      }
    ],
    "isTemplate": false,
    "count": 0,
    "lang": "en",
    "updated": 0
  },
  {
    "id": "c926328c-a67f-4351-8d63-f4e72622c35a",
    "data": [
      {
        "text": "Is travel OK?",
        "userDefined": false
      }
    ],
    "isTemplate": false,
    "count": 0,
    "lang": "en",
    "updated": 0
  },
  {
    "id": "b1c5372b-6308-4dc1-ab7f-b45f26907fee",
    "data": [
      {
        "text": "Can I go on vacation?",
        "userDefined": false
      }
    ],
    "isTemplate": false,
    "count": 0,
    "lang": "en",
    "updated": 0
  },
  {
    "id": "9434dad8-7d05-42a0-8748-3aa87847c31b",
    "data": [
      {
        "text": "Should I cancel my trip?",
        "userDefined": false
      }
    ],
    "isTemplate": false,
    "count": 0,
    "lang": "en",
    "updated": 0
  },
  {
    "id": "e45fc7d7-2f49-49c3-b492-1a0760d4529a",
    "data": [
      {
        "text": "Is it safe to travel?",
        "userDefined": false
      }
    ],
    "isTemplate": false,
    "count": 0,
    "lang": "en",
    "updated": 0
  }
]