[
  {
    "id": "a7882da0-7e2e-42dd-b78f-688cf3885627",
    "data": [
      {
        "text": "Will ",
        "userDefined": false
      },
      {
        "text": "summer",
        "meta": "@sys.date-period",
        "alias": "date-period",
        "userDefined": false
      },
      {
        "text": " kill it?",
        "userDefined": false
      }
    ],
    "isTemplate": false,
    "count": 0,
    "lang": "en",
    "updated": 0
  },
  {
    "id": "b17de260-66d3-4664-ab27-e2cd70852e43",
    "data": [
      {
        "text": "does heat kill it",
        "userDefined": false
      }
    ],
    "isTemplate": false,
    "count": 1,
    "lang": "en",
    "updated": 0
  },
  {
    "id": "f73dddd6-cd9e-4043-85ef-b81de4fcd4ff",
    "data": [
      {
        "text": "will ",
        "userDefined": false
      },
      {
        "text": "summer",
        "meta": "@sys.date-period",
        "alias": "date-period",
        "userDefined": false
      },
      {
        "text": " kill it off",
        "userDefined": false
      }
    ],
    "isTemplate": false,
    "count": 1,
    "lang": "en",
    "updated": 0
  },
  {
    "id": "6a8fc771-6377-47c4-8c92-67d0345775b3",
    "data": [
      {
        "text": "What about summer?",
        "userDefined": false
      }
    ],
    "isTemplate": false,
    "count": 1,
    "lang": "en",
    "updated": 0
  },
  {
    "id": "00dcd673-9bf5-4bfc-9946-474e8a9f7e09",
    "data": [
      {
        "text": "Will it die in ",
        "userDefined": false
      },
      {
        "text": "summer",
        "meta": "@sys.date-period",
        "alias": "date-period",
        "userDefined": false
      },
      {
        "text": "?",
        "userDefined": false
      }
    ],
    "isTemplate": false,
    "count": 0,
    "lang": "en",
    "updated": 0
  },
  {
    "id": "187ad5c0-bdf7-4654-953c-e22868fe579a",
    "data": [
      {
        "text": "Will warm weather kill the coronavirus?",
        "userDefined": false
      }
    ],
    "isTemplate": false,
    "count": 0,
    "lang": "en",
    "updated": 0
  },
  {
    "id": "3e6a0220-52ca-4257-85d1-ccc1ad223edb",
    "data": [
      {
        "text": "Will warm weather kill rona?",
        "userDefined": false
      }
    ],
    "isTemplate": false,
    "count": 0,
    "lang": "en",
    "updated": 0
  },
  {
    "id": "74149562-c629-43b4-841a-8249c4edd554",
    "data": [
      {
        "text": "Will warm weather stop COVID-19?",
        "userDefined": false
      }
    ],
    "isTemplate": false,
    "count": 0,
    "lang": "en",
    "updated": 0
  }
]