[
  {
    "id": "ba3ecc21-1336-47b7-8c7b-79daeb236e0d",
    "data": [
      {
        "text": "should i wear gloves",
        "userDefined": false
      }
    ],
    "isTemplate": false,
    "count": 1,
    "lang": "en",
    "updated": 0
  },
  {
    "id": "278f135d-a7e8-499d-9db7-b94860d85227",
    "data": [
      {
        "text": "Should I be wearing gloves?",
        "userDefined": false
      }
    ],
    "isTemplate": false,
    "count": 0,
    "lang": "en",
    "updated": 0
  },
  {
    "id": "62fc47e3-0f9f-47ae-84cb-2aa64de32a12",
    "data": [
      {
        "text": "Does wearing gloves protect from the virus?",
        "userDefined": false
      }
    ],
    "isTemplate": false,
    "count": 0,
    "lang": "en",
    "updated": 0
  },
  {
    "id": "5cb891dd-88cf-4001-a241-e6b151a380f9",
    "data": [
      {
        "text": "Is it OK to wear gloves?",
        "userDefined": false
      }
    ],
    "isTemplate": false,
    "count": 0,
    "lang": "en",
    "updated": 0
  },
  {
    "id": "6b1b2e43-c15f-4d3f-8f7f-5ab0ac4f5ef7",
    "data": [
      {
        "text": "Should I wear gloves?",
        "userDefined": false
      }
    ],
    "isTemplate": false,
    "count": 0,
    "lang": "en",
    "updated": 0
  }
]