[
  {
    "id": "e01b646d-94f3-4c3b-88db-36584928ab77",
    "data": [
      {
        "text": "What rules are in place about masks?",
        "userDefined": false
      }
    ],
    "isTemplate": false,
    "count": 0,
    "lang": "en",
    "updated": 0
  },
  {
    "id": "2c19f7ad-3183-422d-868c-f9d6fc19ae89",
    "data": [
      {
        "text": "should i wear a mask",
        "userDefined": false
      }
    ],
    "isTemplate": false,
    "count": 1,
    "lang": "en",
    "updated": 0
  },
  {
    "id": "90cf07e7-3172-427a-af38-ad7365fdb141",
    "data": [
      {
        "text": "What about mask?",
        "userDefined": false
      }
    ],
    "isTemplate": false,
    "count": 0,
    "lang": "en",
    "updated": 0
  },
  {
    "id": "a88486a1-b48e-4ff8-b23c-bd595fd185fe",
    "data": [
      {
        "text": "Do I need to wear a mask?",
        "userDefined": false
      }
    ],
    "isTemplate": false,
    "count": 0,
    "lang": "en",
    "updated": 0
  },
  {
    "id": "8d25031b-1a96-450d-8773-84d33ff4addc",
    "data": [
      {
        "text": "Should I wear a mask?",
        "userDefined": false
      }
    ],
    "isTemplate": false,
    "count": 1,
    "lang": "en",
    "updated": 0
  },
  {
    "id": "cd80c05d-b790-4e58-a494-1fc17634149a",
    "data": [
      {
        "text": "Should you wear a mask right now?",
        "userDefined": false
      }
    ],
    "isTemplate": false,
    "count": 0,
    "lang": "en",
    "updated": 0
  },
  {
    "id": "2f0503ba-0347-4819-9e22-e26bf8761964",
    "data": [
      {
        "text": "What about masks?",
        "userDefined": false
      }
    ],
    "isTemplate": false,
    "count": 0,
    "lang": "en",
    "updated": 0
  },
  {
    "id": "ab52ba19-3238-4b9f-a201-a9dfc5ea035e",
    "data": [
      {
        "text": "Do I have to wear a mask?",
        "userDefined": false
      }
    ],
    "isTemplate": false,
    "count": 0,
    "lang": "en",
    "updated": 0
  },
  {
    "id": "e03eb981-2db5-4e39-b65d-8bca167bfc27",
    "data": [
      {
        "text": "Are masks recommended?",
        "userDefined": false
      }
    ],
    "isTemplate": false,
    "count": 0,
    "lang": "en",
    "updated": 0
  }
]