[
  {
    "id": "02635144-4d21-422e-b25f-d2e2d27499c7",
    "data": [
      {
        "text": "thanks",
        "userDefined": false
      }
    ],
    "isTemplate": false,
    "count": 0,
    "lang": "en",
    "updated": 0
  },
  {
    "id": "4b28e87f-c960-4b36-84af-abf953c856be",
    "data": [
      {
        "text": "thank you",
        "userDefined": false
      }
    ],
    "isTemplate": false,
    "count": 0,
    "lang": "en",
    "updated": 0
  },
  {
    "id": "33fadf5b-121f-4ff7-8670-26b1c808fd94",
    "data": [
      {
        "text": "Thanks",
        "userDefined": false
      }
    ],
    "isTemplate": false,
    "count": 1,
    "lang": "en",
    "updated": 0
  },
  {
    "id": "5ea2ea89-298e-48a2-ab0c-72ed43da51e6",
    "data": [
      {
        "text": "Thx",
        "userDefined": false
      }
    ],
    "isTemplate": false,
    "count": 0,
    "lang": "en",
    "updated": 0
  },
  {
    "id": "187ca1b5-87b3-471f-9c1e-fc50d3476e1f",
    "data": [
      {
        "text": "Thank you",
        "userDefined": false
      }
    ],
    "isTemplate": false,
    "count": 0,
    "lang": "en",
    "updated": 0
  }
]