[
  {
    "id": "4a5dcd91-64bb-43a0-acae-24a636b2f311",
    "data": [
      {
        "text": "what are the symptoms",
        "userDefined": false
      }
    ],
    "isTemplate": false,
    "count": 1,
    "lang": "en",
    "updated": 0
  },
  {
    "id": "9d1db415-855f-4bc0-8844-62d2ac21f98c",
    "data": [
      {
        "text": "What are the symptoms?",
        "userDefined": false
      }
    ],
    "isTemplate": false,
    "count": 1,
    "lang": "en",
    "updated": 0
  },
  {
    "id": "ad3dc78a-0a89-4ada-86ea-67c1fd0cb129",
    "data": [
      {
        "text": "What are the most common symptoms of covid19?",
        "userDefined": false
      }
    ],
    "isTemplate": false,
    "count": 0,
    "lang": "en",
    "updated": 0
  },
  {
    "id": "65556466-e03b-4bac-966e-e685aae92c67",
    "data": [
      {
        "text": "Do I have coronavirus?",
        "userDefined": false
      }
    ],
    "isTemplate": false,
    "count": 0,
    "lang": "en",
    "updated": 0
  },
  {
    "id": "55422af4-4371-4ae3-b56a-95d09b44ed30",
    "data": [
      {
        "text": "what are the symptoms?",
        "userDefined": false
      }
    ],
    "isTemplate": false,
    "count": 0,
    "lang": "en",
    "updated": 0
  },
  {
    "id": "d1f4ed5c-6256-4ebf-986a-bcca010c0c7a",
    "data": [
      {
        "text": "do i have coronavirus",
        "userDefined": false
      }
    ],
    "isTemplate": false,
    "count": 0,
    "lang": "en",
    "updated": 0
  },
  {
    "id": "f022848b-8e50-4cff-9989-a219bec73c85",
    "data": [
      {
        "text": "How can I tell if I have it?",
        "userDefined": false
      }
    ],
    "isTemplate": false,
    "count": 0,
    "lang": "en",
    "updated": 0
  },
  {
    "id": "578ca2e2-63ba-4f5d-8acf-4e6ca1507ef7",
    "data": [
      {
        "text": "How do I know if I have it?",
        "userDefined": false
      }
    ],
    "isTemplate": false,
    "count": 0,
    "lang": "en",
    "updated": 0
  },
  {
    "id": "83f5d884-78c5-4139-aebd-3edf6ce0ffcb",
    "data": [
      {
        "text": "What are the symptoms of COVID-19?",
        "userDefined": false
      }
    ],
    "isTemplate": false,
    "count": 0,
    "lang": "en",
    "updated": 0
  }
]