[
  {
    "id": "e8e227ec-c4e8-4eba-a44c-6cd0896a1a15",
    "data": [
      {
        "text": "what is covid-19",
        "userDefined": false
      }
    ],
    "isTemplate": false,
    "count": 0,
    "lang": "en",
    "updated": 0
  },
  {
    "id": "e52a8f0e-f78b-4fc6-9d77-22f57d601d98",
    "data": [
      {
        "text": "What is covid?",
        "userDefined": false
      }
    ],
    "isTemplate": false,
    "count": 1,
    "lang": "en",
    "updated": 0
  },
  {
    "id": "c4429501-5108-4a9f-8f2b-5ea3137b54b9",
    "data": [
      {
        "text": "What is covid",
        "userDefined": false
      }
    ],
    "isTemplate": false,
    "count": 0,
    "lang": "en",
    "updated": 0
  },
  {
    "id": "f002176d-56c6-4ead-b927-91b00a06ff08",
    "data": [
      {
        "text": "What is COVID-19",
        "userDefined": false
      }
    ],
    "isTemplate": false,
    "count": 0,
    "lang": "en",
    "updated": 0
  },
  {
    "id": "c35b1f0a-1950-4efe-8de2-583229187359",
    "data": [
      {
        "text": "what is covid",
        "userDefined": false
      }
    ],
    "isTemplate": false,
    "count": 1,
    "lang": "en",
    "updated": 0
  },
  {
    "id": "2965b0a0-c51e-4f53-9f79-ad5ecf681d6d",
    "data": [
      {
        "text": "what is covid?",
        "userDefined": false
      }
    ],
    "isTemplate": false,
    "count": 2,
    "lang": "en",
    "updated": 0
  },
  {
    "id": "e151fc56-6547-4467-b148-635690bf4a76",
    "data": [
      {
        "text": "What is the coronavirus?",
        "userDefined": false
      }
    ],
    "isTemplate": false,
    "count": 0,
    "lang": "en",
    "updated": 0
  },
  {
    "id": "adce3410-a358-482c-ae38-a515a4e3ac29",
    "data": [
      {
        "text": "What is covid19?",
        "userDefined": false
      }
    ],
    "isTemplate": false,
    "count": 0,
    "lang": "en",
    "updated": 0
  },
  {
    "id": "609dacd4-6a58-4e45-855f-8921826e7940",
    "data": [
      {
        "text": "What is COVID?",
        "userDefined": false
      }
    ],
    "isTemplate": false,
    "count": 0,
    "lang": "en",
    "updated": 0
  },
  {
    "id": "f2550358-beac-4b32-a5d5-3f4c4f055221",
    "data": [
      {
        "text": "What is COVID-19?",
        "userDefined": false
      }
    ],
    "isTemplate": false,
    "count": 0,
    "lang": "en",
    "updated": 0
  }
]