[
  {
    "id": "1e1fc3d1-25e0-4216-9d9d-c8ea4a2baf53",
    "data": [
      {
        "text": "What is corona virus?",
        "userDefined": false
      }
    ],
    "isTemplate": false,
    "count": 0,
    "lang": "en",
    "updated": 0
  },
  {
    "id": "11b19ee6-0994-4bc5-97ff-17fc178cd061",
    "data": [
      {
        "text": "what is coronavirus",
        "userDefined": false
      }
    ],
    "isTemplate": false,
    "count": 1,
    "lang": "en",
    "updated": 0
  },
  {
    "id": "20d173c9-5dd7-4c0b-a644-29e9b9f575af",
    "data": [
      {
        "text": "what is the coronavirus",
        "userDefined": false
      }
    ],
    "isTemplate": false,
    "count": 0,
    "lang": "en",
    "updated": 0
  },
  {
    "id": "e0772de2-1826-481b-b088-1f8eee97e496",
    "data": [
      {
        "text": "What is the novel coronavirus?",
        "userDefined": false
      }
    ],
    "isTemplate": false,
    "count": 0,
    "lang": "en",
    "updated": 0
  },
  {
    "id": "6cd08aec-e760-4d7e-800e-ad3e08d37d5d",
    "data": [
      {
        "text": "What is the coronavirus?",
        "userDefined": false
      }
    ],
    "isTemplate": false,
    "count": 0,
    "lang": "en",
    "updated": 0
  },
  {
    "id": "efe50202-b318-46e3-bd00-2ecd29713873",
    "data": [
      {
        "text": "What is coronavirus",
        "userDefined": false
      }
    ],
    "isTemplate": false,
    "count": 1,
    "lang": "en",
    "updated": 0
  }
]