[
  {
    "id": "9096a4bc-5af5-4bac-9fa0-b773aaaede12",
    "data": [
      {
        "text": "what can i ask",
        "userDefined": false
      }
    ],
    "isTemplate": false,
    "count": 1,
    "lang": "en",
    "updated": 0
  },
  {
    "id": "a75c4e65-b327-4a0a-b3f8-61ace8c6a807",
    "data": [
      {
        "text": "what questions can I ask?",
        "userDefined": false
      }
    ],
    "isTemplate": false,
    "count": 0,
    "lang": "en",
    "updated": 0
  },
  {
    "id": "dce5f246-3869-4e77-b1d0-5da9d5b4085d",
    "data": [
      {
        "text": "What do you know?",
        "userDefined": false
      }
    ],
    "isTemplate": false,
    "count": 0,
    "lang": "en",
    "updated": 0
  },
  {
    "id": "345f5c88-7806-4d80-8485-b5a80ce01939",
    "data": [
      {
        "text": "What can I ask?",
        "userDefined": false
      }
    ],
    "isTemplate": false,
    "count": 0,
    "lang": "en",
    "updated": 0
  }
]