[
  {
    "id": "6c9dd87b-fc36-4652-9e78-914d64a9d845",
    "data": [
      {
        "text": "How long till we get a vaccine?",
        "userDefined": false
      }
    ],
    "isTemplate": false,
    "count": 0,
    "lang": "en",
    "updated": 0
  },
  {
    "id": "4286fa20-7fb3-4e40-8b9f-fbbd8498fdea",
    "data": [
      {
        "text": "How long til there\u0027s a vaccine?",
        "userDefined": false
      }
    ],
    "isTemplate": false,
    "count": 0,
    "lang": "en",
    "updated": 0
  },
  {
    "id": "adc64fef-34e1-4519-9b2b-4e2f6d31e66c",
    "data": [
      {
        "text": "What\u0027s happening about a vaccine?",
        "userDefined": false
      }
    ],
    "isTemplate": false,
    "count": 0,
    "lang": "en",
    "updated": 0
  },
  {
    "id": "4db43c44-cf65-4e21-b391-428e7361134f",
    "data": [
      {
        "text": "Is there a vaccine for COVID?",
        "userDefined": false
      }
    ],
    "isTemplate": false,
    "count": 0,
    "lang": "en",
    "updated": 0
  },
  {
    "id": "82a77a6d-402e-48e8-81c7-5b0762ad9101",
    "data": [
      {
        "text": "When will we have a vaccine?",
        "userDefined": false
      }
    ],
    "isTemplate": false,
    "count": 0,
    "lang": "en",
    "updated": 0
  }
]