[
  {
    "id": "6512b2b5-f084-467c-b61b-cf9415d95363",
    "data": [
      {
        "text": "when will it be safe for groups to mee",
        "userDefined": false
      }
    ],
    "isTemplate": false,
    "count": 0,
    "lang": "en",
    "updated": 0
  },
  {
    "id": "f6636547-b4d3-4134-af18-223024228030",
    "data": [
      {
        "text": "When will it be OK to be out in a crowd?",
        "userDefined": false
      }
    ],
    "isTemplate": false,
    "count": 0,
    "lang": "en",
    "updated": 0
  },
  {
    "id": "4f23e96b-090c-43cf-9c44-78d14bce5038",
    "data": [
      {
        "text": "When will we have big events again?",
        "userDefined": false
      }
    ],
    "isTemplate": false,
    "count": 0,
    "lang": "en",
    "updated": 0
  },
  {
    "id": "422a2eef-e46e-4f40-b0ad-f0fa8eeaa108",
    "data": [
      {
        "text": "When will it be safe for large groups to meet?",
        "userDefined": false
      }
    ],
    "isTemplate": false,
    "count": 0,
    "lang": "en",
    "updated": 0
  }
]