[
  {
    "id": "f96a643b-0416-4364-84a2-5db39ca332b1",
    "data": [
      {
        "text": "Where did the coronavirus come from?",
        "userDefined": false
      }
    ],
    "isTemplate": false,
    "count": 0,
    "lang": "en",
    "updated": 0
  },
  {
    "id": "a0ada4de-f006-4c27-bbdc-599f6b2d3e08",
    "data": [
      {
        "text": "Where does COVID come from?",
        "userDefined": false
      }
    ],
    "isTemplate": false,
    "count": 0,
    "lang": "en",
    "updated": 0
  },
  {
    "id": "d18978c2-83dc-404c-918a-54710d9568bc",
    "data": [
      {
        "text": "Where did it come from?",
        "userDefined": false
      }
    ],
    "isTemplate": false,
    "count": 0,
    "lang": "en",
    "updated": 0
  },
  {
    "id": "96d01113-3ad4-4f7d-9f54-333cb1273f1e",
    "data": [
      {
        "text": "did the coronavirus come from ",
        "userDefined": false
      },
      {
        "text": "China",
        "meta": "@sys.geo-country",
        "alias": "geo-country",
        "userDefined": false
      },
      {
        "text": "?",
        "userDefined": false
      }
    ],
    "isTemplate": false,
    "count": 0,
    "lang": "en",
    "updated": 0
  },
  {
    "id": "ca1d7c58-a885-43f8-9760-54761e2ee9f4",
    "data": [
      {
        "text": "Where does the coronavirus come from?",
        "userDefined": false
      }
    ],
    "isTemplate": false,
    "count": 0,
    "lang": "en",
    "updated": 0
  }
]