[
  {
    "id": "560e9de7-6b9c-40e2-aa95-6f1b6ded71d2",
    "data": [
      {
        "text": "what is comeback kc",
        "userDefined": false
      }
    ],
    "isTemplate": false,
    "count": 0,
    "lang": "en",
    "updated": 0
  },
  {
    "id": "f501d503-184a-40a0-92da-0818e09ea315",
    "data": [
      {
        "text": "Is Comeback KC a non-profit?",
        "userDefined": false
      }
    ],
    "isTemplate": false,
    "count": 0,
    "lang": "en",
    "updated": 0
  },
  {
    "id": "e29796ae-c8e1-40d9-a165-9e757e50b04a",
    "data": [
      {
        "text": "What is Comeback KC?",
        "userDefined": false
      }
    ],
    "isTemplate": false,
    "count": 0,
    "lang": "en",
    "updated": 0
  },
  {
    "id": "e7aec61c-f870-4a63-8b11-70a9d17cab5e",
    "data": [
      {
        "text": "Who is behind this",
        "userDefined": false
      }
    ],
    "isTemplate": false,
    "count": 0,
    "lang": "en",
    "updated": 0
  },
  {
    "id": "2a51e591-74a9-428b-b6f3-dc513ba53d56",
    "data": [
      {
        "text": "Who is Comeback KC",
        "userDefined": false
      }
    ],
    "isTemplate": false,
    "count": 0,
    "lang": "en",
    "updated": 0
  }
]