[
  {
    "id": "447cdb74-8004-43c5-be82-9808813b30c0",
    "data": [
      {
        "text": "who are you",
        "userDefined": false
      }
    ],
    "isTemplate": false,
    "count": 1,
    "lang": "en",
    "updated": 0
  },
  {
    "id": "5318ed40-1b6a-4422-820c-be8240f41289",
    "data": [
      {
        "text": "Who are you?",
        "userDefined": false
      }
    ],
    "isTemplate": false,
    "count": 1,
    "lang": "en",
    "updated": 0
  },
  {
    "id": "642c8756-d519-4687-87a6-2882962d5c0c",
    "data": [
      {
        "text": "Where are you getting your advice from?",
        "userDefined": false
      }
    ],
    "isTemplate": false,
    "count": 0,
    "lang": "en",
    "updated": 0
  },
  {
    "id": "e0f6b304-5002-41fe-ab46-c55fea7c503e",
    "data": [
      {
        "text": "Who is behind this bot?",
        "userDefined": false
      }
    ],
    "isTemplate": false,
    "count": 0,
    "lang": "en",
    "updated": 0
  },
  {
    "id": "fbfd1ca7-7c2b-4058-a848-65ed1254e02b",
    "data": [
      {
        "text": "Where do you get your information?",
        "userDefined": false
      }
    ],
    "isTemplate": false,
    "count": 0,
    "lang": "en",
    "updated": 0
  },
  {
    "id": "8e28b402-7dc9-452e-9246-1b985e90598b",
    "data": [
      {
        "text": "Who made this bot?",
        "userDefined": false
      }
    ],
    "isTemplate": false,
    "count": 0,
    "lang": "en",
    "updated": 0
  },
  {
    "id": "8de6fb21-31bd-4d0d-b0e2-50469e099f32",
    "data": [
      {
        "text": "Who wrote these answers?",
        "userDefined": false
      }
    ],
    "isTemplate": false,
    "count": 0,
    "lang": "en",
    "updated": 0
  }
]