[
  {
    "id": "f0537b74-bd73-4faf-a2fd-29feb1c159fd",
    "data": [
      {
        "text": "when should i get tested",
        "userDefined": false
      }
    ],
    "isTemplate": false,
    "count": 0,
    "lang": "en",
    "updated": 0
  },
  {
    "id": "0fcd6cb6-1fbc-498d-9cc7-8055cca52363",
    "data": [
      {
        "text": "should I get a swab test if I don\u0027t have any symptoms",
        "userDefined": false
      }
    ],
    "isTemplate": false,
    "count": 0,
    "lang": "en",
    "updated": 0
  },
  {
    "id": "a467c605-0fd8-4989-a1ac-509bff2c3b12",
    "data": [
      {
        "text": "do i have to have symptoms to get tested?",
        "userDefined": false
      }
    ],
    "isTemplate": false,
    "count": 0,
    "lang": "en",
    "updated": 0
  },
  {
    "id": "4d8754b3-02f0-41a3-b518-c6d45e2f765b",
    "data": [
      {
        "text": "who can get tested",
        "userDefined": false
      }
    ],
    "isTemplate": false,
    "count": 0,
    "lang": "en",
    "updated": 0
  },
  {
    "id": "7c5a8dda-e43f-4620-8708-d13c8aa55e81",
    "data": [
      {
        "text": "do I have to have symptoms to get tested?",
        "userDefined": false
      }
    ],
    "isTemplate": false,
    "count": 0,
    "lang": "en",
    "updated": 0
  },
  {
    "id": "4124a2ed-1f73-4b67-a437-25f8b524d716",
    "data": [
      {
        "text": "When should I get tested?",
        "userDefined": false
      }
    ],
    "isTemplate": false,
    "count": 0,
    "lang": "en",
    "updated": 0
  },
  {
    "id": "c2dc9f00-d11a-480e-b790-88a1a0e51d28",
    "data": [
      {
        "text": "How do I know if I should get tested?",
        "userDefined": false
      }
    ],
    "isTemplate": false,
    "count": 0,
    "lang": "en",
    "updated": 0
  },
  {
    "id": "50e0cd04-d242-42f7-908b-607d4e49c3fe",
    "data": [
      {
        "text": "Who should get tested?",
        "userDefined": false
      }
    ],
    "isTemplate": false,
    "count": 0,
    "lang": "en",
    "updated": 0
  }
]