[
  {
    "id": "a6145bd3-e81e-4a19-a339-33ddcd1edf15",
    "data": [
      {
        "text": "johnson",
        "meta": "@Contacta_al_departamento",
        "alias": "kclocation",
        "userDefined": false
      }
    ],
    "isTemplate": false,
    "count": 0,
    "lang": "en",
    "updated": 0
  },
  {
    "id": "ddee13d1-be6b-4b6b-b9ff-b1c66c88b967",
    "data": [
      {
        "text": "platte",
        "meta": "@Contacta_al_departamento",
        "alias": "kclocation",
        "userDefined": true
      }
    ],
    "isTemplate": false,
    "count": 0,
    "lang": "en",
    "updated": 0
  },
  {
    "id": "fc293b91-4177-4c8f-a6ef-4f0717531a3a",
    "data": [
      {
        "text": "cass",
        "meta": "@Contacta_al_departamento",
        "alias": "kclocation",
        "userDefined": true
      }
    ],
    "isTemplate": false,
    "count": 0,
    "lang": "en",
    "updated": 0
  },
  {
    "id": "ec384a2c-b3f9-4dff-be94-a8c2e7966053",
    "data": [
      {
        "text": "clay",
        "meta": "@Contacta_al_departamento",
        "alias": "kclocation",
        "userDefined": true
      }
    ],
    "isTemplate": false,
    "count": 0,
    "lang": "en",
    "updated": 0
  },
  {
    "id": "559ab68d-ca72-4f47-bea4-16126d5bd7b5",
    "data": [
      {
        "text": "kck",
        "meta": "@Contacta_al_departamento",
        "alias": "kclocation",
        "userDefined": true
      }
    ],
    "isTemplate": false,
    "count": 0,
    "lang": "en",
    "updated": 0
  },
  {
    "id": "d3fa53c9-e148-4d87-bb56-ba10bacfbb28",
    "data": [
      {
        "text": "kcmo",
        "meta": "@Contacta_al_departamento",
        "alias": "kclocation",
        "userDefined": true
      }
    ],
    "isTemplate": false,
    "count": 0,
    "lang": "en",
    "updated": 0
  },
  {
    "id": "6b79f263-63e9-48d2-92f5-ae6829ccd47d",
    "data": [
      {
        "text": "jackson",
        "meta": "@Contacta_al_departamento",
        "alias": "kclocation",
        "userDefined": true
      }
    ],
    "isTemplate": false,
    "count": 0,
    "lang": "en",
    "updated": 0
  },
  {
    "id": "acbb9775-6ad9-4b14-8ec1-3aef90ea2912",
    "data": [
      {
        "text": "joco",
        "meta": "@Contacta_al_departamento",
        "alias": "kclocation",
        "userDefined": true
      }
    ],
    "isTemplate": false,
    "count": 0,
    "lang": "en",
    "updated": 0
  },
  {
    "id": "271d9557-ee79-4172-b704-009dbd39df0b",
    "data": [
      {
        "text": "Wyandotte",
        "meta": "@Contacta_al_departamento",
        "alias": "kclocation",
        "userDefined": true
      }
    ],
    "isTemplate": false,
    "count": 0,
    "lang": "en",
    "updated": 0
  }
]