[
  {
    "id": "b1c9c99a-b9f3-4585-8523-c5247430ec99",
    "data": [
      {
        "text": "donde prueba",
        "userDefined": false
      }
    ],
    "isTemplate": false,
    "count": 0,
    "lang": "en",
    "updated": 0
  },
  {
    "id": "e2bc7956-c313-471a-9c34-229f863e61fe",
    "data": [
      {
        "text": "pruebas",
        "userDefined": false
      }
    ],
    "isTemplate": false,
    "count": 0,
    "lang": "en",
    "updated": 0
  },
  {
    "id": "7e74a229-4939-4c2c-aa10-1d0d8a9e6042",
    "data": [
      {
        "text": "donde pruebas",
        "userDefined": false
      }
    ],
    "isTemplate": false,
    "count": 0,
    "lang": "en",
    "updated": 0
  },
  {
    "id": "c1dc6942-c8ad-489e-b3c6-47150772eecd",
    "data": [
      {
        "text": "¿Dónde puedo hacerme la prueba?",
        "userDefined": false
      }
    ],
    "isTemplate": false,
    "count": 0,
    "lang": "en",
    "updated": 0
  }
]