[
  {
    "value": "Call the KCMO Health Dept. at (816) 513-6008 or visit https://kcmo.gov/coronavirus",
    "synonyms": [
      "kcmo",
      "Kansas City MO"
    ]
  },
  {
    "value": "Call the JoCo Health Dept. at 913-826-1200 or visit https://joco.gov/coronavirus.",
    "synonyms": [
      "joco",
      "Johnson",
      "Johnson County"
    ]
  },
  {
    "value": "Call the WyCo Health Dept. at (913) 573-8855 or visit https://alpha.wycokck.org/Coronavirus-COVID-19-Information.",
    "synonyms": [
      "WyCo",
      "KCK",
      "Wyandotte",
      "Wyandotte County",
      "dotte"
    ]
  },
  {
    "value": "Call the Platte Cty Health Dept. at 816.858.2412 or visit https://www.plattecountyhealthdept.com/emergency.aspx.",
    "synonyms": [
      "Platte",
      "Platte County"
    ]
  },
  {
    "value": "Call the Cass Cty Health Dept. at (816) 380-8425 or visit https://casscounty.com/2158/Health-Department.",
    "synonyms": [
      "Cass",
      "Cass County"
    ]
  },
  {
    "value": "Call the Clay Cty Health Dept. at (816) 595-4200 or visit https://www.clayhealth.com/279/COVID-19-2019-Novel-Coronavirus.",
    "synonyms": [
      "Clay",
      "Clay County"
    ]
  },
  {
    "value": "Call the Jackson County Health Dept. at (877) 435-8411 or visit https://www.jacohd.org.",
    "synonyms": [
      "Jackson",
      "Jackson County",
      "JaCo",
      "Jackson Cty."
    ]
  }
]