[
  {
    "value": "Llama (816) 513-6008 o visita https://kcmo.gov/coronavirus",
    "synonyms": [
      "kcmo",
      "Kansas City MO"
    ]
  },
  {
    "value": "Llama 913-826-1200 o visita https://joco.gov/coronavirus.",
    "synonyms": [
      "joco",
      "Johnson",
      "Johnson County"
    ]
  },
  {
    "value": "Llama (913) 573-8855 o visita https://alpha.wycokck.org/Coronavirus-COVID-19-Information.",
    "synonyms": [
      "WyCo",
      "KCK",
      "Wyandotte",
      "Wyandotte County",
      "dotte"
    ]
  },
  {
    "value": "Llama 816.858.2412 o visita https://www.plattecountyhealthdept.com/emergency.aspx.",
    "synonyms": [
      "Platte",
      "Platte County"
    ]
  },
  {
    "value": "Llama (816) 380-8425 o visita https://casscounty.com/2158/Health-Department.",
    "synonyms": [
      "Cass",
      "Cass County"
    ]
  },
  {
    "value": "Llama (816) 595-4200 o visita https://www.clayhealth.com/279/COVID-19-2019-Novel-Coronavirus.",
    "synonyms": [
      "Clay",
      "Clay County"
    ]
  },
  {
    "value": "Llama (877) 435-8411 o visita https://www.jacohd.org.",
    "synonyms": [
      "Jackson",
      "Jackson County",
      "JaCo",
      "Jackson Cty."
    ]
  }
]