[
  {
    "value": "Wyandotte",
    "synonyms": [
      "WyCo",
      "Wyandotte County",
      "dotte",
      "KCK",
      "Kansas City, KS"
    ]
  },
  {
    "value": "Johnson",
    "synonyms": [
      "Johnson",
      "JoCo",
      "Johnson County"
    ]
  },
  {
    "value": "KCMO",
    "synonyms": [
      "KCMO",
      "Kansas City MO"
    ]
  },
  {
    "value": "Cass",
    "synonyms": [
      "Cass",
      "Cass County"
    ]
  },
  {
    "value": "Clay",
    "synonyms": [
      "Clay",
      "Clay County"
    ]
  }
]