[
  {
    "value": "Sore Throat",
    "synonyms": [
      "Sore Throat",
      "throat tickle",
      "tickle in my throat",
      "throat pain"
    ]
  },
  {
    "value": "Cough",
    "synonyms": [
      "Cough",
      "Dry cough"
    ]
  },
  {
    "value": "Fever",
    "synonyms": [
      "Fever"
    ]
  },
  {
    "value": "Chills",
    "synonyms": [
      "Chills"
    ]
  },
  {
    "value": "Headache",
    "synonyms": [
      "Headache"
    ]
  },
  {
    "value": "Loss of Taste or Smell",
    "synonyms": [
      "Loss of Taste or Smell"
    ]
  },
  {
    "value": "Tiredness",
    "synonyms": [
      "Tiredness",
      "Fatigue",
      "Weak",
      "Weakness",
      "Lethargy"
    ]
  },
  {
    "value": "Aches and pains",
    "synonyms": [
      "Aches and pains",
      "muscle ache",
      "body hurts"
    ]
  },
  {
    "value": "Breathing Issues",
    "synonyms": [
      "Breathing Issues",
      "Problems breathing",
      "difficulty breathing",
      "hard time breathing"
    ]
  }
]